103D	103D
104D	104D
105D	105D
106D	106D
107D	107D
108D	108D
124D	124D
132D	132D
134D	134D
135D	135D
136D	136D
139D	139D
140D	140D
141D	141D
142D	142D
143D	143D
146D	146D
148D	148D
149D	149D
156D	156D
169D	169D
170D	170D
171D	171D
175D	175D
176D	176D
177D	177D
179D	179D
17RA	17RA
185D	185D
186D	186D
193D	193D
199D	199D
1A1T	1A1T
1A3M	1A3M
1A4D	1A4D
1A4T	1A4T
1A51	1A51
1A60	1A60
1A66	1A66
1A6B	1A6B
1A6H	1A6H
1A83	1A83
1A84	1A84
1A8N	1A8N
1A8W	1A8W
1A9G	1A9G
1A9H	1A9H
1A9I	1A9I
1A9J	1A9J
1A9L	1A9L
1AC3	1AC3
1AC7	1AC7
1AC9	1AC9
1AF1	1AF1
1AFF	1AFF
1AFX	1AFX
1AFZ	1AFZ
1AG3	1AG3
1AG5	1AG5
1AGH	1AGH
1AGK	1AGK
1AGO	1AGO
1AGU	1AGU
1AGZ	1AGZ
1AHD	1AHD
1AJF	1AJF
1AJL	1AJL
1AJT	1AJT
1AJU	1AJU
1AKX	1AKX
1AL5	1AL5
1AL9	1AL9
1AM0	1AM0
1AMD	1AMD
1ANR	1ANR
1AO1	1AO1
1AO9	1AO9
1AP1	1AP1
1AQO	1AQO
1ARJ	1ARJ
1AT4	1AT4
1ATO	1ATO
1ATV	1ATV
1ATW	1ATW
1AU5	1AU5
1AU6	1AU6
1AUD	1AUD
1AUL	1AUL
1AW4	1AW4
1AX6	1AX6
1AX7	1AX7
1AXL	1AXL
1AXO	1AXO
1AXP	1AXP
1AXU	1AXU
1AXV	1AXV
1B0S	1B0S
1b36	1B36
1B3P	1B3P
1B4Y	1B4Y
1b5k	1B5K
1B60	1B60
1B69	1B69
1B6X	1B6X
1B6Y	1B6Y
1BAE	1BAE
1BAU	1BAU
1BBX	1BBX
1BCB	1BCB
1BCE	1BCE
1BDZ	1BDZ
1BE5	1BE5
1BGZ	1BGZ
1BHR	1BHR
1BIV	1BIV
1BJ2	1BJ2
1BJ6	1BJ6
1BJD	1BJD
1BJH	1BJH
1BN0	1BN0
1BN9	1BN9
1BP8	1BP8
1bps	1BPS
1BUB	1BUB
1BUF	1BUF
1BUT	1BUT
1bvj	1BVJ
1BVO	1BVO
1bw7	1BW7
1BWG	1BWG
1BWT	1BWT
1BX5	1BX5
1BYJ	1BYJ
1BYX	1BYX
1BZ2	1BZ2
1BZ3	1BZ3
1BZT	1BZT
1BZU	1BZU
1C0O	1C0O
1C0Y	1C0Y
1C11	1C11
1C2Q	1C2Q
1C32	1C32
1C34	1C34
1C35	1C35
1C38	1C38
1C4L	1C4L
1C7U	1C7U
1C95	1C95
1CFL	1CFL
1CJG	1CJG
1CO0	1CO0
1COC	1COC
1CP8	1CP8
1CQ5	1CQ5
1CQL	1CQL
1CQO	1CQO
1CR3	1CR3
1CS2	1CS2
1CX3	1CX3
1CX5	1CX5
1CYZ	1CYZ
1D0T	1D0T
1D0U	1D0U
1D18	1D18
1D19	1D19
1D20	1D20
1D3X	1D3X
1D42	1D42
1D68	1D68
1D69	1D69
1D6D	1D6D
1D6K	1D6K
1D70	1D70
1D83	1D83
1DA4	1DA4
1DA5	1DA5
1DAU	1DAU
1DB6	1DB6
1DDP	1DDP
1DGO	1DGO
1DHH	1DHH
1DJD	1DJD
1DK6	1DK6
1DK9	1DK9
1DL4	1DL4
1DRN	1DRN
1DRR	1DRR
1DSA	1DSA
1DSC	1DSC
1DSD	1DSD
1DSI	1DSI
1DSM	1DSM
1DUF	1DUF
1DXA	1DXA
1DXN	1DXN
1DZ5	1DZ5
1E4P	1E4P
1E7J	1E7J
1E95	1E95
1EBQ	1EBQ
1EBR	1EBR
1EBS	1EBS
1EC4	1EC4
1ECU	1ECU
1EEG	1EEG
1EEK	1EEK
1EFS	1EFS
1EHT	1EHT
1EI2	1EI2
1EJZ	1EJZ
1EKA	1EKA
1EKD	1EKD
1EKH	1EKH
1EKI	1EKI
1EKW	1EKW
1EKZ	1EKZ
1EL2	1EL2
1ELH	1ELH
1ELN	1ELN
1EMQ	1EMQ
1EN1	1EN1
1ESH	1ESH
1ESS	1ESS
1ESY	1ESY
1ETF	1ETF
1ETG	1ETG
1EU2	1EU2
1EU6	1EU6
1EVM	1EVM
1EVN	1EVN
1EVO	1EVO
1EW1	1EW1
1EXL	1EXL
1EXY	1EXY
1EZN	1EZN
1F3S	1F3S
1F4S	1F4S
1F5E	1F5E
1F5G	1F5G
1F5H	1F5H
1F5U	1F5U
1F6U	1F6U
1F6X	1F6X
1F6Z	1F6Z
1F78	1F78
1F79	1F79
1F7F	1F7F
1F7G	1F7G
1F7H	1F7H
1F7I	1F7I
1F84	1F84
1F85	1F85
1F9L	1F9L
1FC8	1FC8
1FEQ	1FEQ
1FHK	1FHK
1FJ5	1FJ5
1FJA	1FJA
1FJB	1FJB
1FJE	1FJE
1FKY	1FKY
1FKZ	1FKZ
1FL8	1FL8
1FMN	1FMN
1FNX	1FNX
1FQP	1FQP
1FQZ	1FQZ
1FV7	1FV7
1FV8	1FV8
1FYI	1FYI
1FYO	1FYO
1FYP	1FYP
1FYY	1FYY
1FZL	1FZL
1FZS	1FZS
1FZX	1FZX
1G14	1G14
1G1N	1G1N
1G22	1G22
1G3A	1G3A
1G4D	1G4D
1G5D	1G5D
1G5E	1G5E
1G5K	1G5K
1G5L	1G5L
1G70	1G70
1G7Z	1G7Z
1G80	1G80
1GAT	1GAT
1GAU	1GAU
1GCC	1GCC
1GIP	1GIP
1GIZ	1GIZ
1GJ0	1GJ0
1GJ1	1GJ1
1GJ2	1GJ2
1GN7	1GN7
1GTC	1GTC
1GUC	1GUC
1GV6	1GV6
1H0Q	1H0Q
1HG9	1HG9
1HHW	1HHW
1HHX	1HHX
1HJI	1HJI
1HLX	1HLX
1HM1	1HM1
1HO6	1HO6
1HOQ	1HOQ
1HRY	1HRY
1HRZ	1HRZ
1HS1	1HS1
1HS2	1HS2
1HS3	1HS3
1HS4	1HS4
1HS8	1HS8
1HT4	1HT4
1HT7	1HT7
1HVN	1HVN
1HVO	1HVO
1HWQ	1HWQ
1HWV	1HWV
1HX4	1HX4
1HZ0	1HZ0
1HZ2	1HZ2
1I34	1I34
1I3X	1I3X
1I3Y	1I3Y
1I46	1I46
1I4B	1I4B
1I4C	1I4C
1I5V	1I5V
1I7V	1I7V
1I9F	1I9F
1I9K	1I9K
1IDV	1IDV
1IDX	1IDX
1IE1	1IE1
1IE2	1IE2
1IEK	1IEK
1IEY	1IEY
1IG4	1IG4
1II1	1II1
1IK1	1IK1
1IKD	1IKD
1IR5	1IR5
1IV6	1IV6
1J46	1J46
1J47	1J47
1J4W	1J4W
1J4Y	1J4Y
1J5K	1J5K
1J5N	1J5N
1J9N	1J9N
1JDG	1JDG
1JHI	1JHI
1JJP	1JJP
1JO1	1JO1
1JO7	1JO7
1JOX	1JOX
1JP0	1JP0
1JRV	1JRV
1JRW	1JRW
1JS5	1JS5
1JS7	1JS7
1JTJ	1JTJ
1JTW	1JTW
1JU0	1JU0
1JU1	1JU1
1JU7	1JU7
1JUA	1JUA
1JUR	1JUR
1JUU	1JUU
1JVC	1JVC
1JVE	1JVE
1JWC	1JWC
1JZC	1JZC
1K1G	1K1G
1K1H	1K1H
1K1R	1K1R
1K29	1K29
1K2G	1K2G
1K2J	1K2J
1K2K	1K2K
1K4A	1K4A
1K4B	1K4B
1K4X	1K4X
1K5E	1K5E
1K5F	1K5F
1K5I	1K5I
1K6G	1K6G
1K6H	1K6H
1K8J	1K8J
1K8L	1K8L
1K8N	1K8N
1K8S	1K8S
1K9H	1K9H
1K9L	1K9L
1KAJ	1KAJ
1KB1	1KB1
1kbd	1KBD
1KBM	1KBM
1KIS	1KIS
1KKA	1KKA
1KKS	1KKS
1KKV	1KKV
1KKW	1KKW
1KOC	1KOC
1KOD	1KOD
1KOS	1KOS
1KP7	1KP7
1KPD	1KPD
1KPY	1KPY
1KPZ	1KPZ
1KQQ	1KQQ
1KR8	1KR8
1KSB	1KSB
1KSE	1KSE
1KVH	1KVH
1KXS	1KXS
1L0R	1L0R
1L1C	1L1C
1L1M	1L1M
1L1V	1L1V
1L1W	1L1W
1L3M	1L3M
1LA8	1LA8
1LAE	1LAE
1LAI	1LAI
1LAQ	1LAQ
1LAS	1LAS
1LC6	1LC6
1LCC	1LCC
1LCD	1LCD
1LDZ	1LDZ
1LEJ	1LEJ
1LFU	1LFU
1LMV	1LMV
1LO1	1LO1
1LPW	1LPW
1LUH	1LUH
1LUU	1LUU
1LUX	1LUX
1LVJ	1LVJ
1LVS	1LVS
1LWA	1LWA
1M5L	1M5L
1M6A	1M6A
1M82	1M82
1ME0	1ME0
1ME1	1ME1
1MFJ	1MFJ
1MFK	1MFK
1MFY	1MFY
1MIS	1MIS
1MK6	1MK6
1MKL	1MKL
1MNB	1MNB
1MNX	1MNX
1MP7	1MP7
1MSE	1MSE
1MSF	1MSF
1MT4	1MT4
1MTG	1MTG
1MUV	1MUV
1MV1	1MV1
1MV2	1MV2
1MV6	1MV6
1MWG	1MWG
1MXJ	1MXJ
1MXK	1MXK
1MY9	1MY9
1MYQ	1MYQ
1N0K	1N0K
1N0O	1N0O
1N14	1N14
1N17	1N17
1N1K	1N1K
1N1N	1N1N
1N2W	1N2W
1N37	1N37
1N4B	1N4B
1N53	1N53
1N66	1N66
1N8C	1N8C
1N8X	1N8X
1N96	1N96
1NA2	1NA2
1NAJ	1NAJ
1NAO	1NAO
1NBK	1NBK
1NBR	1NBR
1NC0	1NC0
1NEM	1NEM
1NEV	1NEV
1NGO	1NGO
1NGU	1NGU
1NK2	1NK2
1NK3	1NK3
1NOQ	1NOQ
1NP5	1NP5
1NP9	1NP9
1NTQ	1NTQ
1NTS	1NTS
1NTT	1NTT
1NXR	1NXR
1NYB	1NYB
1NYD	1NYD
1NZ1	1NZ1
1NZM	1NZM
1O15	1O15
1O4X	1O4X
1OCI	1OCI
1OKA	1OKA
1OKF	1OKF
1OLD	1OLD
1OLN	1OLN
1ON5	1ON5
1ONM	1ONM
1OO7	1OO7
1OPQ	1OPQ
1OQ0	1OQ0
1OQ2	1OQ2
1OSL	1OSL
1OSR	1OSR
1OSW	1OSW
1OVF	1OVF
1OW9	1OW9
1OZ8	1OZ8
1P0U	1P0U
1P3X	1P3X
1P5M	1P5M
1P5N	1P5N
1P5O	1P5O
1P5P	1P5P
1P96	1P96
1PBL	1PBL
1PBM	1PBM
1PBR	1PBR
1PDT	1PDT
1PG9	1PG9
1PGC	1PGC
1PIB	1PIB
1PIK	1PIK
1PJY	1PJY
1PQQ	1PQQ
1PQT	1PQT
1PYJ	1PYJ
1Q2T	1Q2T
1Q75	1Q75
1Q8N	1Q8N
1QBY	1QBY
1QC8	1QC8
1QCH	1QCH
1QD3	1QD3
1QDF	1QDF
1QDH	1QDH
1QDI	1QDI
1QDK	1QDK
1QE7	1QE7
1QES	1QES
1QET	1QET
1QFQ	1QFQ
1QKG	1QKG
1QL5	1QL5
1QMS	1QMS
1QSK	1QSK
1QSX	1QSX
1QWA	1QWA
1QWB	1QWB
1QXB	1QXB
1R2L	1R2L
1R2P	1R2P
1R3X	1R3X
1R4D	1R4D
1R4E	1R4E
1R4H	1R4H
1R7W	1R7W
1R7Z	1R7Z
1RAU	1RAU
1RAW	1RAW
1RCS	1RCS
1RDE	1RDE
1RFR	1RFR
1RGO	1RGO
1RHT	1RHT
1RKJ	1RKJ
1RME	1RME
1RMX	1RMX
1RN9	1RN9
1RNG	1RNG
1RNK	1RNK
1ROQ	1ROQ
1RRD	1RRD
1RRR	1RRR
1RVH	1RVH
1RVI	1RVI
1S0T	1S0T
1S2F	1S2F
1S34	1S34
1S37	1S37
1S40	1S40
1S74	1S74
1S75	1S75
1S88	1S88
1S9L	1S9L
1S9N	1S9N
1S9O	1S9O
1S9S	1S9S
1SAA	1SAA
1SCL	1SCL
1SJK	1SJK
1SJL	1SJL
1SKP	1SKP
1SLO	1SLO
1SLP	1SLP
1SLS	1SLS
1SNH	1SNH
1SNJ	1SNJ
1SP6	1SP6
1SS7	1SS7
1SSJ	1SSJ
1SSV	1SSV
1SY4	1SY4
1SY8	1SY8
1SYZ	1SYZ
1SZY	1SZY
1T28	1T28
1T2R	1T2R
1T2S	1T2S
1T4L	1T4L
1T4X	1T4X
1TAN	1TAN
1TBK	1TBK
1TF3	1TF3
1TFN	1TFN
1TJZ	1TJZ
1TLR	1TLR
1TN9	1TN9
1TNE	1TNE
1TOB	1TOB
1TQR	1TQR
1TTD	1TTD
1TUQ	1TUQ
1TUT	1TUT
1TXS	1TXS
1U01	1U01
1U2A	1U2A
1U3K	1U3K
1U64	1U64
1U6C	1U6C
1U6N	1U6N
1U6O	1U6O
1U6P	1U6P
1UAB	1UAB
1ULL	1ULL
1UQA	1UQA
1UQB	1UQB
1UQC	1UQC
1UQD	1UQD
1UQE	1UQE
1UQF	1UQF
1UQG	1UQG
1UTS	1UTS
1UUD	1UUD
1UUI	1UUI
1UUU	1UUU
1VFC	1VFC
1VOP	1VOP
1VVJ	1VVJ
1VY4	1VY4
1VY5	1VY5
1VY6	1VY6
1VY7	1VY7
1W86	1W86
1WAN	1WAN
1WKS	1WKS
1WTB	1WTB
1WTS	1WTS
1WTT	1WTT
1WWD	1WWD
1WWE	1WWE
1WWF	1WWF
1WWG	1WWG
1X0F	1X0F
1X26	1X26
1X2O	1X2O
1X2S	1X2S
1X2U	1X2U
1X2V	1X2V
1X2X	1X2X
1X2Y	1X2Y
1X2Z	1X2Z
1X30	1X30
1X6W	1X6W
1X95	1X95
1XAV	1XAV
1XCE	1XCE
1XCI	1XCI
1XCY	1XCY
1XCZ	1XCZ
1XHP	1XHP
1XRW	1XRW
1XS9	1XS9
1XSG	1XSG
1XSH	1XSH
1XST	1XST
1XSU	1XSU
1XUE	1XUE
1XV0	1XV0
1XV6	1XV6
1XWP	1XWP
1XWU	1XWU
1Y8D	1Y8D
1Y9H	1Y9H
1YBL	1YBL
1YBN	1YBN
1YBR	1YBR
1YCT	1YCT
1YCW	1YCW
1YFV	1YFV
1YG3	1YG3
1YG4	1YG4
1YLG	1YLG
1YMO	1YMO
1YN1	1YN1
1YN2	1YN2
1YNC	1YNC
1YNE	1YNE
1YNG	1YNG
1YSV	1YSV
1YUI	1YUI
1YUJ	1YUJ
1Z2J	1Z2J
1Z30	1Z30
1Z31	1Z31
1ZBN	1ZBN
1ZC5	1ZC5
1ZGW	1ZGW
1ZHU	1ZHU
1ZIF	1ZIF
1ZIG	1ZIG
1ZIH	1ZIH
1ZQ3	1ZQ3
1ZYF	1ZYF
1ZYG	1ZYG
1ZYH	1ZYH
201D	201D
202D	202D
203D	203D
204D	204D
207D	207D
214D	214D
219D	219D
225D	225D
226D	226D
229D	229D
230D	230D
28SP	28SP
28SR	28SR
2A5P	2A5P
2A5R	2A5R
2A9L	2A9L
2A9X	2A9X
2AD9	2AD9
2ADB	2ADB
2ADC	2ADC
2ADT	2ADT
2AHT	2AHT
2AKG	2AKG
2AP0	2AP0
2AP5	2AP5
2AQY	2AQY
2ARG	2ARG
2AU4	2AU4
2AWQ	2AWQ
2AWV	2AWV
2B6G	2B6G
2B7G	2B7G
2BJ2	2BJ2
2BJC	2BJC
2BQ2	2BQ2
2C06	2C06
2CD1	2CD1
2CD3	2CD3
2CD5	2CD5
2CD6	2CD6
2CHJ	2CHJ
2CHK	2CHK
2CJK	2CJK
2D17	2D17
2D18	2D18
2D19	2D19
2D1A	2D1A
2D1B	2D1B
2DA8	2DA8
2DAU	2DAU
2DD1	2DD1
2DD2	2DD2
2DD3	2DD3
2E4I	2E4I
2ERR	2ERR
2ES5	2ES5
2ESE	2ESE
2EUY	2EUY
2EVY	2EVY
2EXF	2EXF
2EZD	2EZD
2EZE	2EZE
2EZF	2EZF
2EZG	2EZG
2F1Q	2F1Q
2F4X	2F4X
2F87	2F87
2F88	2F88
2F8U	2F8U
2FDT	2FDT
2FEY	2FEY
2FF0	2FF0
2FY1	2FY1
2G1G	2G1G
2G1W	2G1W
2GAT	2GAT
2GBH	2GBH
2GE2	2GE2
2GIO	2GIO
2GIP	2GIP
2GKD	2GKD
2GKU	2GKU
2GLO	2GLO
2GM0	2GM0
2GRW	2GRW
2GV3	2GV3
2GV4	2GV4
2GVO	2GVO
2GZK	2GZK
2H3A	2H3A
2H3C	2H3C
2H49	2H49
2HDC	2HDC
2HEM	2HEM
2HGH	2HGH
2HK4	2HK4
2HKB	2HKB
2HKC	2HKC
2HLI	2HLI
2HMD	2HMD
2HMR	2HMR
2HNS	2HNS
2HOU	2HOU
2HPX	2HPX
2HSK	2HSK
2HSL	2HSL
2HSR	2HSR
2HSS	2HSS
2HUA	2HUA
2HY9	2HY9
2I2Y	2I2Y
2I7E	2I7E
2I7Z	2I7Z
2ICZ	2ICZ
2IDN	2IDN
2IHX	2IHX
2IRN	2IRN
2IRO	2IRO
2IXY	2IXY
2IXZ	2IXZ
2JP9	2JP9
2JPA	2JPA
2JPP	2JPP
2JPZ	2JPZ
2JQ7	2JQ7
2JR4	2JR4
2JRG	2JRG
2JRQ	2JRQ
2JSE	2JSE
2JSG	2JSG
2JSK	2JSK
2JSL	2JSL
2JSM	2JSM
2JSQ	2JSQ
2JT7	2JT7
2JTP	2JTP
2JUK	2JUK
2JWQ	2JWQ
2JWV	2JWV
2JX1	2JX1
2JXI	2JXI
2JXQ	2JXQ
2JXS	2JXS
2JXV	2JXV
2JYF	2JYF
2JYH	2JYH
2JYJ	2JYJ
2JYK	2JYK
2JYM	2JYM
2JZW	2JZW
2K0T	2K0T
2K0U	2K0U
2K0V	2K0V
2K1N	2K1N
2K1Y	2K1Y
2K3Z	2K3Z
2K41	2K41
2K4C	2K4C
2K4G	2K4G
2K4L	2K4L
2K5Z	2K5Z
2K65	2K65
2K66	2K66
2K67	2K67
2K68	2K68
2K69	2K69
2K71	2K71
2K7E	2K7E
2K7F	2K7F
2K8T	2K8T
2K8U	2K8U
2K8Z	2K8Z
2K90	2K90
2K95	2K95
2K96	2K96
2K97	2K97
2KAE	2KAE
2KAL	2KAL
2KAR	2KAR
2KAS	2KAS
2KAZ	2KAZ
2KBD	2KBD
2KBP	2KBP
2KD4	2KD4
2KD8	2KD8
2KD9	2KD9
2KDA	2KDA
2KDQ	2KDQ
2KDZ	2KDZ
2KE6	2KE6
2KE8	2KE8
2KEI	2KEI
2KEJ	2KEJ
2KEK	2KEK
2KEZ	2KEZ
2KF0	2KF0
2KF7	2KF7
2KF8	2KF8
2KFY	2KFY
2KG0	2KG0
2KG1	2KG1
2KGP	2KGP
2KH0	2KH0
2KH1	2KH1
2KH3	2KH3
2KH4	2KH4
2KH5	2KH5
2KH6	2KH6
2KH7	2KH7
2KH8	2KH8
2KH9	2KH9
2KHY	2KHY
2KK5	2KK5
2KKA	2KKA
2KKF	2KKF
2KKK	2KKK
2KM3	2KM3
2KM8	2KM8
2KMJ	2KMJ
2KMK	2KMK
2KN7	2KN7
2KNK	2KNK
2KNL	2KNL
2KO0	2KO0
2KOC	2KOC
2KOW	2KOW
2KP3	2KP3
2KP4	2KP4
2KPC	2KPC
2KPD	2KPD
2KPR	2KPR
2KPV	2KPV
2KQG	2KQG
2KQH	2KQH
2KRL	2KRL
2KRP	2KRP
2KRQ	2KRQ
2KRV	2KRV
2KRW	2KRW
2KRY	2KRY
2KRZ	2KRZ
2KTP	2KTP
2KTT	2KTT
2KTZ	2KTZ
2KU0	2KU0
2KUR	2KUR
2KUU	2KUU
2KUV	2KUV
2KUW	2KUW
2KUZ	2KUZ
2KV0	2KV0
2KV6	2KV6
2KVN	2KVN
2KVY	2KVY
2KWG	2KWG
2KX5	2KX5
2KX8	2KX8
2KXM	2KXM
2KXN	2KXN
2KXZ	2KXZ
2KY0	2KY0
2KY1	2KY1
2KY2	2KY2
2KY7	2KY7
2KY8	2KY8
2KYD	2KYD
2KYE	2KYE
2KYO	2KYO
2KYP	2KYP
2KZD	2KZD
2KZE	2KZE
2KZL	2KZL
2L13	2L13
2L1F	2L1F
2L1G	2L1G
2L1V	2L1V
2L2J	2L2J
2L2K	2L2K
2L2U	2L2U
2L2V	2L2V
2L3C	2L3C
2L3E	2L3E
2L3J	2L3J
2L41	2L41
2L45	2L45
2L46	2L46
2L4L	2L4L
2L5D	2L5D
2L5K	2L5K
2L5Z	2L5Z
2L6I	2L6I
2L7D	2L7D
2L7V	2L7V
2L88	2L88
2L8C	2L8C
2L8F	2L8F
2L8H	2L8H
2L8I	2L8I
2L8P	2L8P
2L8Q	2L8Q
2L8U	2L8U
2L8W	2L8W
2L94	2L94
2L9E	2L9E
2LA5	2LA5
2LA9	2LA9
2LAC	2LAC
2LAR	2LAR
2LB4	2LB4
2LBI	2LBI
2LBJ	2LBJ
2LBK	2LBK
2LBL	2LBL
2LBQ	2LBQ
2LBR	2LBR
2LBS	2LBS
2LBY	2LBY
2LC8	2LC8
2LD5	2LD5
2LD8	2LD8
2LDL	2LDL
2LDT	2LDT
2LDZ	2LDZ
2LE6	2LE6
2LEB	2LEB
2LEC	2LEC
2LED	2LED
2LEE	2LEE
2lef	2LEF
2LEV	2LEV
2LEX	2LEX
2LFA	2LFA
2LFX	2LFX
2LFY	2LFY
2LG0	2LG0
2LG2	2LG2
2LG3	2LG3
2LGM	2LGM
2LHO	2LHO
2LHP	2LHP
2LI4	2LI4
2LI8	2LI8
2LIA	2LIA
2LIB	2LIB
2LJJ	2LJJ
2LK3	2LK3
2LK7	2LK7
2LKR	2LKR
2LKX	2LKX
2LL9	2LL9
2LLJ	2LLJ
2LO5	2LO5
2LO8	2LO8
2LOA	2LOA
2LOD	2LOD
2LP9	2LP9
2LPA	2LPA
2LPS	2LPS
2LPT	2LPT
2LPW	2LPW
2LQZ	2LQZ
2LSC	2LSC
2LSF	2LSF
2LSX	2LSX
2LSZ	2LSZ
2LT0	2LT0
2LT7	2LT7
2LTT	2LTT
2LU0	2LU0
2LUB	2LUB
2LUJ	2LUJ
2LUN	2LUN
2LUP	2LUP
2LV0	2LV0
2LVY	2LVY
2LWG	2LWG
2LWH	2LWH
2LWK	2LWK
2LWM	2LWM
2LWN	2LWN
2LWO	2LWO
2LX1	2LX1
2LXQ	2LXQ
2LXV	2LXV
2LYG	2LYG
2LZK	2LZK
2LZV	2LZV
2LZW	2LZW
2M11	2M11
2M12	2M12
2M18	2M18
2M1G	2M1G
2M1O	2M1O
2M1V	2M1V
2M21	2M21
2M22	2M22
2M23	2M23
2M24	2M24
2M27	2M27
2M2C	2M2C
2M2W	2M2W
2M39	2M39
2M3P	2M3P
2M3Y	2M3Y
2M40	2M40
2M43	2M43
2M44	2M44
2M4P	2M4P
2M4Q	2M4Q
2M4W	2M4W
2M53	2M53
2M54	2M54
2M57	2M57
2M58	2M58
2M5U	2M5U
2M6V	2M6V
2M6W	2M6W
2M84	2M84
2M8A	2M8A
2M8D	2M8D
2M8K	2M8K
2M8Y	2M8Y
2M8Z	2M8Z
2M90	2M90
2M91	2M91
2M92	2M92
2M93	2M93
2MAP	2MAP
2MAV	2MAV
2MAY	2MAY
2MB0	2MB0
2MB2	2MB2
2MB3	2MB3
2MB4	2MB4
2MBJ	2MBJ
2MCC	2MCC
2MCI	2MCI
2MCJ	2MCJ
2MCO	2MCO
2ME6	2ME6
2MEQ	2MEQ
2MER	2MER
2MF0	2MF0
2MF1	2MF1
2MF8	2MF8
2MFC	2MFC
2MFD	2MFD
2MFE	2MFE
2MFF	2MFF
2MFG	2MFG
2MFH	2MFH
2MFT	2MFT
2MFU	2MFU
2MG8	2MG8
2MGN	2MGN
2MGZ	2MGZ
2MH6	2MH6
2MHI	2MHI
2MHX	2MHX
2MHZ	2MHZ
2MI0	2MI0
2MIS	2MIS
2MIV	2MIV
2MIW	2MIW
2MIY	2MIY
2MJH	2MJH
2MJJ	2MJJ
2MJX	2MJX
2MKI	2MKI
2MKK	2MKK
2MKM	2MKM
2MKN	2MKN
2MKO	2MKO
2MMF	2MMF
2MMQ	2MMQ
2MMR	2MMR
2MMS	2MMS
2MN0	2MN0
2MNA	2MNA
2MNB	2MNB
2MNC	2MNC
2MND	2MND
2MNE	2MNE
2MNF	2MNF
2MNX	2MNX
2MO2	2MO2
2MO7	2MO7
2MOE	2MOE
2MQO	2MQO
2MQP	2MQP
2MQQ	2MQQ
2MQT	2MQT
2MQV	2MQV
2MRU	2MRU
2MRZ	2MRZ
2MS0	2MS0
2MS1	2MS1
2MS5	2MS5
2MS6	2MS6
2MS9	2MS9
2MTJ	2MTJ
2MTK	2MTK
2MTV	2MTV
2MVS	2MVS
2MVY	2MVY
2MWZ	2MWZ
2MXF	2MXF
2MXJ	2MXJ
2MXK	2MXK
2MXL	2MXL
2MXS	2MXS
2MXY	2MXY
2MZ1	2MZ1
2N0J	2N0J
2N0Q	2N0Q
2N0R	2N0R
2N1Q	2N1Q
2N21	2N21
2N2D	2N2D
2N2O	2N2O
2N2P	2N2P
2N3M	2N3M
2N3O	2N3O
2N3Q	2N3Q
2N3R	2N3R
2N4J	2N4J
2N4L	2N4L
2N4M	2N4M
2N4Y	2N4Y
2N5O	2N5O
2N5P	2N5P
2N60	2N60
2N6C	2N6C
2N6S	2N6S
2N6T	2N6T
2N6W	2N6W
2N6X	2N6X
2N7C	2N7C
2N7M	2N7M
2N7X	2N7X
2N82	2N82
2N89	2N89
2N8A	2N8A
2N8L	2N8L
2N8M	2N8M
2N8V	2N8V
2N96	2N96
2N9F	2N9F
2N9H	2N9H
2N9Q	2N9Q
2NBJ	2NBJ
2NBX	2NBX
2NBY	2NBY
2NBZ	2NBZ
2NC0	2NC0
2NC1	2NC1
2NCI	2NCI
2NEO	2NEO
2NPW	2NPW
2NQ0	2NQ0
2NQ1	2NQ1
2NQ4	2NQ4
2O32	2O32
2O33	2O33
2O3M	2O3M
2O4Y	2O4Y
2O7W	2O7W
2O7X	2O7X
2O7Y	2O7Y
2O7Z	2O7Z
2O80	2O80
2O81	2O81
2O82	2O82
2O83	2O83
2O8K	2O8K
2O9L	2O9L
2OEH	2OEH
2OEY	2OEY
2OJ7	2OJ7
2OJ8	2OJ8
2OOM	2OOM
2P7C	2P7C
2P89	2P89
2PCV	2PCV
2PCW	2PCW
2PIK	2PIK
2PN9	2PN9
2QH2	2QH2
2QH3	2QH3
2QH4	2QH4
2RLU	2RLU
2RMQ	2RMQ
2RN1	2RN1
2RO2	2RO2
2ROU	2ROU
2RP0	2RP0
2RP1	2RP1
2RPD	2RPD
2RPE	2RPE
2RPF	2RPF
2RPH	2RPH
2RPK	2RPK
2RPT	2RPT
2RQC	2RQC
2RQJ	2RQJ
2RRA	2RRA
2RRC	2RRC
2RRQ	2RRQ
2RRR	2RRR
2RS2	2RS2
2RSK	2RSK
2RT8	2RT8
2RU3	2RU3
2RU7	2RU7
2RVO	2RVO
2RVP	2RVP
2STT	2STT
2STW	2STW
2TOB	2TOB
2TPK	2TPK
2U2A	2U2A
2V3L	2V3L
2VAH	2VAH
2VAI	2VAI
2WCC	2WCC
2WCN	2WCN
2XC7	2XC7
2XEB	2XEB
2XFM	2XFM
2Y95	2Y95
2YH1	2YH1
2Z2G	2Z2G
2Z2H	2Z2H
2Z33	2Z33
3GAT	3GAT
3KBD	3KBD
3PHP	3PHP
3REC	3REC
484D	484D
4A4R	4A4R
4A4S	4A4S
4A4T	4A4T
4A4U	4A4U
4B8T	4B8T
4BS2	4BS2
4BTS	4BTS
4BY9	4BY9
4BZT	4BZT
4BZU	4BZU
4BZV	4BZV
4C9D	4C9D
4CH1	4CH1
4CIO	4CIO
4GAT	4GAT
4KBD	4KBD
4L47	4L47
4L71	4L71
4LEL	4LEL
4LFZ	4LFZ
4LNT	4LNT
4LSK	4LSK
4LT8	4LT8
4OWW	4OWW
4OWX	4OWX
4OX9	4OX9
4P0P	4P0P
4P0Q	4P0Q
4P0R	4P0R
4P0S	4P0S
4P1D	4P1D
4P20	4P20
4P2H	4P2H
4P3E	4P3E
4P3S	4P3S
4P3T	4P3T
4P3U	4P3U
4P43	4P43
4P4M	4P4M
4P4O	4P4O
4P4P	4P4P
4P5J	4P5J
4P6F	4P6F
4P70	4P70
4P8Z	4P8Z
4P95	4P95
4P97	4P97
4P9R	4P9R
4P9U	4P9U
4PAR	4PAR
4PBA	4PBA
4PCB	4PCB
4PCJ	4PCJ
4PCO	4PCO
4PCZ	4PCZ
4PD2	4PD2
4PDB	4PDB
4PDG	4PDG
4PDI	4PDI
4PDQ	4PDQ
4PE8	4PE8
4PEH	4PEH
4PEI	4PEI
4PGQ	4PGQ
4PGX	4PGX
4PGY	4PGY
4PH5	4PH5
4PHA	4PHA
4PHD	4PHD
4PHE	4PHE
4PHP	4PHP
4PHY	4PHY
4PJO	4PJO
4PKD	4PKD
4PLB	4PLB
4PLX	4PLX
4PMI	4PMI
4PMW	4PMW
4R4P	4R4P
4R4V	4R4V
4TMU	4TMU
4TNT	4TNT
4TQR	4TQR
4TQS	4TQS
4TS0	4TS0
4TS2	4TS2
4TU0	4TU0
4TU7	4TU7
4TU8	4TU8
4TU9	4TU9
4TUA	4TUA
4TUB	4TUB
4TUC	4TUC
4TUD	4TUD
4TUE	4TUE
4TUG	4TUG
4TUI	4TUI
4TUP	4TUP
4TUQ	4TUQ
4TUR	4TUR
4TUS	4TUS
4TUW	4TUW
4TUX	4TUX
4TV0	4TV0
4TVX	4TVX
4TYN	4TYN
4TYW	4TYW
4TYY	4TYY
4TZ0	4TZ0
4TZ6	4TZ6
4TZD	4TZD
4TZP	4TZP
4TZV	4TZV
4TZW	4TZW
4TZX	4TZX
4TZY	4TZY
4TZZ	4TZZ
4U0Y	4U0Y
4U1U	4U1U
4U1V	4U1V
4U20	4U20
4U24	4U24
4U25	4U25
4U26	4U26
4U27	4U27
4U34	4U34
4U35	4U35
4U37	4U37
4U38	4U38
4U3L	4U3L
4U3M	4U3M
4U3N	4U3N
4U3O	4U3O
4U3P	4U3P
4U3R	4U3R
4U3U	4U3U
4U47	4U47
4U4N	4U4N
4U4O	4U4O
4U4Q	4U4Q
4U4R	4U4R
4U4U	4U4U
4U4Y	4U4Y
4U4Z	4U4Z
4U50	4U50
4U51	4U51
4U52	4U52
4U53	4U53
4U55	4U55
4U56	4U56
4U5M	4U5M
4U67	4U67
4U6F	4U6F
4U6K	4U6K
4U6L	4U6L
4U6M	4U6M
4U6P	4U6P
4U78	4U78
4U7B	4U7B
4U7C	4U7C
4U7D	4U7D
4U7U	4U7U
4U8A	4U8A
4U8B	4U8B
4U8C	4U8C
4U8T	4U8T
4U92	4U92
4U9M	4U9M
4UAW	4UAW
4UAY	4UAY
4UAZ	4UAZ
4UB1	4UB1
4UB2	4UB2
4UB3	4UB3
4UB4	4UB4
4UB5	4UB5
4UBB	4UBB
4UBC	4UBC
4UN9	4UN9
4V2S	4V2S
4V42	4V42
4V49	4V49
4V4A	4V4A
4V4F	4V4F
4V4G	4V4G
4V4H	4V4H
4V4I	4V4I
4V4J	4V4J
4V4P	4V4P
4V4Q	4V4Q
4V4R	4V4R
4V4S	4V4S
4V4T	4V4T
4V4X	4V4X
4V4Y	4V4Y
4V4Z	4V4Z
4V50	4V50
4V51	4V51
4V52	4V52
4V53	4V53
4V54	4V54
4V55	4V55
4V56	4V56
4V57	4V57
4V5A	4V5A
4V5B	4V5B
4V5C	4V5C
4V5D	4V5D
4V5E	4V5E
4V5F	4V5F
4V5G	4V5G
4V5J	4V5J
4V5K	4V5K
4V5L	4V5L
4V5O	4V5O
4V5P	4V5P
4V5Q	4V5Q
4V5R	4V5R
4V5S	4V5S
4V5V	4V5V
4V5Y	4V5Y
4V63	4V63
4V64	4V64
4V67	4V67
4V6A	4V6A
4V6C	4V6C
4V6D	4V6D
4V6E	4V6E
4V6F	4V6F
4V6G	4V6G
4V7J	4V7J
4V7K	4V7K
4V7L	4V7L
4V7M	4V7M
4V7P	4V7P
4V7R	4V7R
4V7S	4V7S
4V7T	4V7T
4V7U	4V7U
4V7V	4V7V
4V7W	4V7W
4V7X	4V7X
4V7Y	4V7Y
4V7Z	4V7Z
4V83	4V83
4V84	4V84
4V85	4V85
4V87	4V87
4V88	4V88
4V89	4V89
4V8A	4V8A
4V8B	4V8B
4V8C	4V8C
4V8D	4V8D
4V8E	4V8E
4V8F	4V8F
4V8G	4V8G
4V8H	4V8H
4V8I	4V8I
4V8J	4V8J
4V8N	4V8N
4V8O	4V8O
4V8P	4V8P
4V8Q	4V8Q
4V8S	4V8S
4V8U	4V8U
4V8X	4V8X
4V90	4V90
4V95	4V95
4V97	4V97
4V99	4V99
4V9A	4V9A
4V9B	4V9B
4V9C	4V9C
4V9D	4V9D
4V9E	4V9E
4V9F	4V9F
4V9H	4V9H
4V9I	4V9I
4V9J	4V9J
4V9K	4V9K
4V9L	4V9L
4V9M	4V9M
4V9N	4V9N
4V9O	4V9O
4V9P	4V9P
4V9Q	4V9Q
4V9R	4V9R
4V9S	4V9S
4W29	4W29
4W2E	4W2E
4W2F	4W2F
4W2G	4W2G
4W2H	4W2H
4W2I	4W2I
4W4G	4W4G
4W5N	4W5N
4W5O	4W5O
4W5Q	4W5Q
4W5R	4W5R
4W5T	4W5T
4W90	4W90
4W92	4W92
4W9M	4W9M
4WAL	4WAL
4WAN	4WAN
4WB2	4WB2
4WB3	4WB3
4WC2	4WC2
4WC3	4WC3
4WC4	4WC4
4WC5	4WC5
4WC6	4WC6
4WC7	4WC7
4WCE	4WCE
4WCG	4WCG
4WCP	4WCP
4WCQ	4WCQ
4WCR	4WCR
4WCS	4WCS
4WF1	4WF1
4WF9	4WF9
4WFA	4WFA
4WFB	4WFB
4WFL	4WFL
4WFM	4WFM
4WFN	4WFN
4WJ3	4WJ3
4WJ4	4WJ4
4WK8	4WK8
4WKJ	4WKJ
4WKR	4WKR
4WLS	4WLS
4WLW	4WLW
4WO2	4WO2
4WO3	4WO3
4WOI	4WOI
4WPO	4WPO
4WQ1	4WQ1
4WQF	4WQF
4WQR	4WQR
4WQS	4WQS
4WQU	4WQU
4WQY	4WQY
4WR6	4WR6
4WRA	4WRA
4WRO	4WRO
4WRT	4WRT
4WSA	4WSA
4WSB	4WSB
4WSD	4WSD
4WSM	4WSM
4WT1	4WT1
4WT8	4WT8
4WTA	4WTA
4WTC	4WTC
4WTD	4WTD
4WTE	4WTE
4WTF	4WTF
4WTG	4WTG
4WTI	4WTI
4WTJ	4WTJ
4WTK	4WTK
4WTL	4WTL
4WTM	4WTM
4WU1	4WU1
4WU4	4WU4
4WU8	4WU8
4WU9	4WU9
4WUH	4WUH
4WUL	4WUL
4WUZ	4WUZ
4WWC	4WWC
4WWW	4WWW
4WX9	4WX9
4WZD	4WZD
4WZJ	4WZJ
4WZM	4WZM
4WZO	4WZO
4WZQ	4WZQ
4WZS	4WZS
4WZW	4WZW
4X0A	4X0A
4X0B	4X0B
4X0G	4X0G
4X0P	4X0P
4X0Q	4X0Q
4X18	4X18
4X1A	4X1A
4X23	4X23
4X2B	4X2B
4X4B	4X4B
4X4C	4X4C
4X4D	4X4D
4X4E	4X4E
4X4F	4X4F
4X4G	4X4G
4X4H	4X4H
4X4I	4X4I
4X4N	4X4N
4X4O	4X4O
4X4P	4X4P
4X4Q	4X4Q
4X4R	4X4R
4X4S	4X4S
4X4T	4X4T
4X4U	4X4U
4X4V	4X4V
4X5V	4X5V
4X62	4X62
4X64	4X64
4X65	4X65
4X66	4X66
4X67	4X67
4X6A	4X6A
4X9E	4X9E
4X9J	4X9J
4XA5	4XA5
4XBF	4XBF
4XCO	4XCO
4XEG	4XEG
4XEJ	4XEJ
4XIC	4XIC
4XID	4XID
4XIU	4XIU
4XJN	4XJN
4XK0	4XK0
4XLN	4XLN
4XLP	4XLP
4XLQ	4XLQ
4XLR	4XLR
4XLS	4XLS
4XNO	4XNO
4XNR	4XNR
4XO0	4XO0
4XPC	4XPC
4XPE	4XPE
4XQ8	4XQ8
4XQJ	4XQJ
4XQK	4XQK
4XQN	4XQN
4XQQ	4XQQ
4XQZ	4XQZ
4XR0	4XR0
4XR1	4XR1
4XR2	4XR2
4XR3	4XR3
4XRH	4XRH
4XRM	4XRM
4XRS	4XRS
4XSN	4XSN
4XUJ	4XUJ
4XUS	4XUS
4XVI	4XVI
4XVK	4XVK
4XVL	4XVL
4XVM	4XVM
4XW0	4XW0
4XW1	4XW1
4XW7	4XW7
4XWF	4XWF
4XWW	4XWW
4XXE	4XXE
4XYQ	4XYQ
4XZF	4XZF
4XZQ	4XZQ
4Y00	4Y00
4Y0F	4Y0F
4Y1I	4Y1I
4Y1J	4Y1J
4Y1M	4Y1M
4Y1N	4Y1N
4Y1O	4Y1O
4Y27	4Y27
4Y4O	4Y4O
4Y4P	4Y4P
4Y52	4Y52
4Y5W	4Y5W
4Y60	4Y60
4Y7N	4Y7N
4Y91	4Y91
4YAZ	4YAZ
4YB0	4YB0
4YB1	4YB1
4YBB	4YBB
4YCO	4YCO
4YCP	4YCP
4YCX	4YCX
4YD1	4YD1
4YD2	4YD2
4YEW	4YEW
4YEX	4YEX
4YEY	4YEY
4YF0	4YF0
4YFH	4YFH
4YFT	4YFT
4YFU	4YFU
4YG1	4YG1
4YG4	4YG4
4YG7	4YG7
4YGI	4YGI
4YHH	4YHH
4YHW	4YHW
4YHX	4YHX
4YIG	4YIG
4YIR	4YIR
4YIS	4YIS
4YIT	4YIT
4YJ0	4YJ0
4YKL	4YKL
4YLN	4YLN
4YLO	4YLO
4YLP	4YLP
4YM5	4YM5
4YM6	4YM6
4YMC	4YMC
4YMM	4YMM
4YMN	4YMN
4YMO	4YMO
4YN4	4YN4
4YN6	4YN6
4YNQ	4YNQ
4YO2	4YO2
4YOE	4YOE
4YOQ	4YOQ
4YOV	4YOV
4YOW	4YOW
4YOX	4YOX
4YOY	4YOY
4YP3	4YP3
4YPB	4YPB
4YPH	4YPH
4YPR	4YPR
4YQW	4YQW
4YR0	4YR0
4YR2	4YR2
4YR3	4YR3
4YRV	4YRV
4YS3	4YS3
4YS5	4YS5
4YVI	4YVI
4YVJ	4YVJ
4YVK	4YVK
4YY3	4YY3
4YYE	4YYE
4YZV	4YZV
4Z0C	4Z0C
4Z1X	4Z1X
4Z1Z	4Z1Z
4Z20	4Z20
4Z2C	4Z2C
4Z2D	4Z2D
4Z2E	4Z2E
4Z31	4Z31
4Z3A	4Z3A
4Z3C	4Z3C
4Z3O	4Z3O
4Z3S	4Z3S
4Z47	4Z47
4Z4B	4Z4B
4Z4C	4Z4C
4Z4D	4Z4D
4Z4E	4Z4E
4Z4F	4Z4F
4Z4G	4Z4G
4Z4H	4Z4H
4Z4I	4Z4I
4Z4Q	4Z4Q
4Z53	4Z53
4Z58	4Z58
4Z59	4Z59
4Z5C	4Z5C
4Z5D	4Z5D
4Z5H	4Z5H
4Z5T	4Z5T
4Z66	4Z66
4Z6C	4Z6C
4Z6D	4Z6D
4Z6E	4Z6E
4Z6F	4Z6F
4Z7B	4Z7B
4Z7K	4Z7K
4Z7L	4Z7L
4Z7Z	4Z7Z
4Z8C	4Z8C
4Z8F	4Z8F
4Z92	4Z92
4ZBN	4ZBN
4ZC7	4ZC7
4ZCF	4ZCF
4ZDO	4ZDO
4ZDP	4ZDP
4ZER	4ZER
4ZHN	4ZHN
4ZKK	4ZKK
4ZLD	4ZLD
4ZLR	4ZLR
4ZM0	4ZM0
4ZM2	4ZM2
4ZNP	4ZNP
4ZPK	4ZPK
4ZPR	4ZPR
4ZQ9	4ZQ9
4ZSF	4ZSF
4ZSN	4ZSN
4ZT0	4ZT0
4ZT9	4ZT9
4ZTF	4ZTF
4ZTJ	4ZTJ
4ZTU	4ZTU
4ZTZ	4ZTZ
4ZUX	4ZUX
4ZYD	4ZYD
4ZYM	4ZYM
5A0M	5A0M
5A0W	5A0W
5A17	5A17
5A18	5A18
5AV5	5AV5
5AV6	5AV6
5AV8	5AV8
5AV9	5AV9
5AVB	5AVB
5AVC	5AVC
5AWH	5AWH
5AXE	5AXE
5AXF	5AXF
5AXM	5AXM
5AXN	5AXN
5AXW	5AXW
5AY2	5AY2
5AY3	5AY3
5AY4	5AY4
5AY8	5AY8
5B0Y	5B0Y
5B0Z	5B0Z
5B1L	5B1L
5B1M	5B1M
5B24	5B24
5B2I	5B2I
5B2J	5B2J
5B2O	5B2O
5B2P	5B2P
5B2Q	5B2Q
5B2R	5B2R
5B2S	5B2S
5B2T	5B2T
5B31	5B31
5B32	5B32
5B33	5B33
5B40	5B40
5B43	5B43
5B7J	5B7J
5B81	5B81
5BMZ	5BMZ
5BNG	5BNG
5BNH	5BNH
5BOL	5BOL
5BOM	5BOM
5BOX	5BOX
5BPC	5BPC
5BPD	5BPD
5BPI	5BPI
5BR8	5BR8
5BS3	5BS3
5BS8	5BS8
5BT2	5BT2
5BTA	5BTA
5BTC	5BTC
5BTD	5BTD
5BTE	5BTE
5BTF	5BTF
5BTG	5BTG
5BTI	5BTI
5BTL	5BTL
5BTM	5BTM
5BTN	5BTN
5BTP	5BTP
5BUA	5BUA
5BUD	5BUD
5BWS	5BWS
5BXK	5BXK
5BXW	5BXW
5BYG	5BYG
5BYM	5BYM
5BZ1	5BZ1
5BZ5	5BZ5
5BZ7	5BZ7
5BZ9	5BZ9
5BZU	5BZU
5BZV	5BZV
5BZY	5BZY
5C0W	5C0W
5C0X	5C0X
5C0Y	5C0Y
5C3E	5C3E
5C44	5C44
5C45	5C45
5C4A	5C4A
5C4J	5C4J
5C4X	5C4X
5C51	5C51
5C52	5C52
5C53	5C53
5C5J	5C5J
5C5W	5C5W
5C7U	5C7U
5C7W	5C7W
5C8E	5C8E
5C9H	5C9H
5CA7	5CA7
5CBX	5CBX
5CBY	5CBY
5CBZ	5CBZ
5CC0	5CC0
5CC1	5CC1
5CCB	5CCB
5CCW	5CCW
5CCX	5CCX
5CD1	5CD1
5CD4	5CD4
5CDB	5CDB
5CDM	5CDM
5CDN	5CDN
5CDO	5CDO
5CDP	5CDP
5CDQ	5CDQ
5CDR	5CDR
5CG8	5CG8
5CG9	5CG9
5CH0	5CH0
5CHG	5CHG
5CHI	5CHI
5CHZ	5CHZ
5CIY	5CIY
5CIZ	5CIZ
5CJ7	5CJ7
5CJY	5CJY
5CKI	5CKI
5CKK	5CKK
5CKY	5CKY
5CL3	5CL3
5CL4	5CL4
5CL5	5CL5
5CL6	5CL6
5CL7	5CL7
5CL8	5CL8
5CL9	5CL9
5CLA	5CLA
5CLB	5CLB
5CLC	5CLC
5CLD	5CLD
5CLE	5CLE
5CLV	5CLV
5CM3	5CM3
5CMX	5CMX
5CNQ	5CNQ
5CNR	5CNR
5CO0	5CO0
5CO8	5CO8
5CP2	5CP2
5CP6	5CP6
5CPI	5CPI
5CPJ	5CPJ
5CPK	5CPK
5CQQ	5CQQ
5CR0	5CR0
5CR2	5CR2
5CRJ	5CRJ
5CRK	5CRK
5CV2	5CV2
5CWR	5CWR
5CY1	5CY1
5CY2	5CY2
5CYS	5CYS
5CZP	5CZP
5CZZ	5CZZ
5D0A	5D0A
5D0B	5D0B
5D23	5D23
5D2Q	5D2Q
5D2S	5D2S
5D39	5D39
5D3G	5D3G
5D46	5D46
5D49	5D49
5D4B	5D4B
5D4C	5D4C
5D4D	5D4D
5D4E	5D4E
5D4R	5D4R
5D4S	5D4S
5D5L	5D5L
5D5U	5D5U
5D5V	5D5V
5D5W	5D5W
5D5X	5D5X
5D6G	5D6G
5D8B	5D8B
5D8C	5D8C
5D8F	5D8F
5D8H	5D8H
5D8K	5D8K
5D8L	5D8L
5D8T	5D8T
5D99	5D99
5D9I	5D9I
5D9Y	5D9Y
5DA6	5DA6
5DAC	5DAC
5DAM	5DAM
5DAR	5DAR
5DAT	5DAT
5DB6	5DB6
5DB7	5DB7
5DB8	5DB8
5DB9	5DB9
5DBA	5DBA
5DBB	5DBB
5DBC	5DBC
5DC3	5DC3
5DCV	5DCV
5DDG	5DDG
5DDM	5DDM
5DDO	5DDO
5DDP	5DDP
5DDQ	5DDQ
5DDR	5DDR
5DE5	5DE5
5DE8	5DE8
5DEA	5DEA
5DEK	5DEK
5DER	5DER
5DET	5DET
5DEU	5DEU
5DEV	5DEV
5DFE	5DFE
5DFF	5DFF
5DFH	5DFH
5DFI	5DFI
5DFJ	5DFJ
5DG0	5DG0
5DG7	5DG7
5DG8	5DG8
5DG9	5DG9
5DGA	5DGA
5DGB	5DGB
5DGE	5DGE
5DGF	5DGF
5DGV	5DGV
5DH6	5DH6
5DH7	5DH7
5DH8	5DH8
5DHB	5DHB
5DHC	5DHC
5DI2	5DI2
5DI4	5DI4
5DKW	5DKW
5DLF	5DLF
5DLG	5DLG
5DLJ	5DLJ
5DLO	5DLO
5DM6	5DM6
5DM7	5DM7
5DNM	5DNM
5DNN	5DNN
5DNO	5DNO
5DNY	5DNY
5DO4	5DO4
5DO5	5DO5
5DOX	5DOX
5DOY	5DOY
5DPK	5DPK
5DQG	5DQG
5DQH	5DQH
5DQI	5DQI
5DQK	5DQK
5DQT	5DQT
5DQU	5DQU
5DQZ	5DQZ
5DS4	5DS4
5DS5	5DS5
5DS6	5DS6
5DS9	5DS9
5DSA	5DSA
5DSB	5DSB
5DTD	5DTD
5DTO	5DTO
5DUI	5DUI
5DUN	5DUN
5DV7	5DV7
5DWA	5DWA
5DWB	5DWB
5DWW	5DWW
5DWX	5DWX
5DY0	5DY0
5E01	5E01
5E02	5E02
5E08	5E08
5E17	5E17
5E18	5E18
5E24	5E24
5E36	5E36
5E3H	5E3H
5E3L	5E3L
5E3M	5E3M
5E3N	5E3N
5E3O	5E3O
5E41	5E41
5E54	5E54
5E5A	5E5A
5E5O	5E5O
5E5S	5E5S
5E63	5E63
5E67	5E67
5E69	5E69
5E6A	5E6A
5E6B	5E6B
5E6C	5E6C
5E6D	5E6D
5E6M	5E6M
5E7K	5E7K
5E81	5E81
5E8I	5E8I
5EAN	5EAN
5EAO	5EAO
5EAQ	5EAQ
5EAX	5EAX
5EBI	5EBI
5ED1	5ED1
5ED2	5ED2
5ED4	5ED4
5EDN	5EDN
5EDW	5EDW
5EEA	5EEA
5EEU	5EEU
5EEV	5EEV
5EEW	5EEW
5EEX	5EEX
5EEY	5EEY
5EEZ	5EEZ
5EF0	5EF0
5EF1	5EF1
5EF2	5EF2
5EF3	5EF3
5EF6	5EF6
5EG0	5EG0
5EGB	5EGB
5EGO	5EGO
5EH2	5EH2
5EI9	5EI9
5EIM	5EIM
5EIX	5EIX
5EJK	5EJK
5EL4	5EL4
5EL5	5EL5
5EL6	5EL6
5EL7	5EL7
5ELH	5ELH
5ELK	5ELK
5ELR	5ELR
5ELS	5ELS
5ELT	5ELT
5ELX	5ELX
5EMC	5EMC
5EME	5EME
5EMF	5EMF
5EMO	5EMO
5EMP	5EMP
5EMQ	5EMQ
5EN1	5EN1
5EOZ	5EOZ
5EPI	5EPI
5ERZ	5ERZ
5ES0	5ES0
5ESP	5ESP
5ET2	5ET2
5ET9	5ET9
5EV1	5EV1
5EV2	5EV2
5EV3	5EV3
5EV4	5EV4
5EW1	5EW1
5EW2	5EW2
5EW4	5EW4
5EW7	5EW7
5EWB	5EWB
5EWE	5EWE
5EWF	5EWF
5EWG	5EWG
5EX7	5EX7
5EXH	5EXH
5EYB	5EYB
5EYO	5EYO
5EYQ	5EYQ
5EZF	5EZF
5F0Q	5F0Q
5F0S	5F0S
5F26	5F26
5F3W	5F3W
5F55	5F55
5F56	5F56
5F5F	5F5F
5F5H	5F5H
5F6C	5F6C
5F7Q	5F7Q
5F8A	5F8A
5F8G	5F8G
5F8H	5F8H
5F8I	5F8I
5F8J	5F8J
5F8K	5F8K
5F8L	5F8L
5F8M	5F8M
5F8N	5F8N
5F98	5F98
5F99	5F99
5F9F	5F9F
5F9H	5F9H
5F9I	5F9I
5F9L	5F9L
5F9N	5F9N
5F9R	5F9R
5FB2	5FB2
5FCI	5FCI
5FCJ	5FCJ
5FD3	5FD3
5FDK	5FDK
5FDU	5FDU
5FDV	5FDV
5FF8	5FF8
5FFJ	5FFJ
5FHD	5FHD
5FHE	5FHE
5FHJ	5FHJ
5FHL	5FHL
5FJ0	5FJ0
5FJ1	5FJ1
5FJ4	5FJ4
5FJC	5FJC
5FK1	5FK1
5FK2	5FK2
5FK3	5FK3
5FK4	5FK4
5FK5	5FK5
5FK6	5FK6
5FKD	5FKD
5FKE	5FKE
5FKF	5FKF
5FKG	5FKG
5FKH	5FKH
5FMP	5FMP
5FRM	5FRM
5FRN	5FRN
5FRO	5FRO
5FTE	5FTE
5FW1	5FW1
5FW2	5FW2
5FW3	5FW3
5G32	5G32
5G33	5G33
5G34	5G34
5G35	5G35
5G4T	5G4T
5G4U	5G4U
5G4V	5G4V
5G5T	5G5T
5GAT	5GAT
5GIN	5GIN
5GIO	5GIO
5GIP	5GIP
5GJB	5GJB
5GKE	5GKE
5GKF	5GKF
5GKG	5GKG
5GKH	5GKH
5GKI	5GKI
5GKP	5GKP
5GMF	5GMF
5GMG	5GMG
5GPC	5GPC
5GSK	5GSK
5GSU	5GSU
5GT0	5GT0
5GT3	5GT3
5GUH	5GUH
5GWL	5GWL
5GWQ	5GWQ
5GXH	5GXH
5GXI	5GXI
5H1K	5H1K
5H1L	5H1L
5H3U	5H3U
5H8W	5H8W
5H9E	5H9E
5H9F	5H9F
5HAB	5HAB
5HAU	5HAU
5HAW	5HAW
5HBU	5HBU
5HBW	5HBW
5HBX	5HBX
5HBY	5HBY
5HC9	5HC9
5HCH	5HCH
5HCP	5HCP
5HCQ	5HCQ
5HCR	5HCR
5HD1	5HD1
5HDN	5HDN
5HF7	5HF7
5HHH	5HHH
5HHI	5HHI
5HIX	5HIX
5HJZ	5HJZ
5HK0	5HK0
5HK3	5HK3
5HKC	5HKC
5HL7	5HL7
5HLF	5HLF
5HLG	5HLG
5HLH	5HLH
5HLK	5HLK
5HLT	5HLT
5HN2	5HN2
5HNF	5HNF
5HNH	5HNH
5HNJ	5HNJ
5HNK	5HNK
5HNQ	5HNQ
5HO4	5HO4
5HOD	5HOD
5HOO	5HOO
5HP1	5HP1
5HP2	5HP2
5HP3	5HP3
5HP4	5HP4
5HQ2	5HQ2
5HQF	5HQF
5HQQ	5HQQ
5HR4	5HR4
5HR6	5HR6
5HR7	5HR7
5HR9	5HR9
5HRB	5HRB
5HRD	5HRD
5HRE	5HRE
5HRF	5HRF
5HRG	5HRG
5HRH	5HRH
5HRI	5HRI
5HRK	5HRK
5HRL	5HRL
5HRO	5HRO
5HRT	5HRT
5HRU	5HRU
5HSO	5HSO
5HSW	5HSW
5HTO	5HTO
5I2D	5I2D
5I2V	5I2V
5I36	5I36
5I3U	5I3U
5I42	5I42
5I44	5I44
5I4A	5I4A
5I4L	5I4L
5I4S	5I4S
5I50	5I50
5I6Q	5I6Q
5I6T	5I6T
5I8Q	5I8Q
5I9D	5I9D
5I9F	5I9F
5I9G	5I9G
5I9H	5I9H
5IB7	5IB7
5IB8	5IB8
5IBB	5IBB
5ID6	5ID6
5IEM	5IEM
5IFF	5IFF
5IHD	5IHD
5III	5III
5IIJ	5IIJ
5IIK	5IIK
5IIL	5IIL
5IIM	5IIM
5IIN	5IIN
5IIO	5IIO
5INK	5INK
5INL	5INL
5INO	5INO
5INP	5INP
5INQ	5INQ
5IP2	5IP2
5IP3	5IP3
5IPL	5IPL
5IPM	5IPM
5IPN	5IPN
5IT8	5IT8
5ITH	5ITH
5ITR	5ITR
5ITT	5ITT
5ITU	5ITU
5ITX	5ITX
5ITY	5ITY
5IUD	5IUD
5IV1	5IV1
5IWA	5IWA
5IWI	5IWI
5IWM	5IWM
5IZP	5IZP
5J01	5J01
5J02	5J02
5J0E	5J0E
5J0M	5J0M
5J0O	5J0O
5J0P	5J0P
5J0Q	5J0Q
5J0R	5J0R
5J0S	5J0S
5J0T	5J0T
5J0U	5J0U
5J0W	5J0W
5J0X	5J0X
5J0Y	5J0Y
5J1O	5J1O
5J29	5J29
5J2A	5J2A
5J2B	5J2B
5J2C	5J2C
5J2D	5J2D
5J2E	5J2E
5J2F	5J2F
5J2G	5J2G
5J2H	5J2H
5J2I	5J2I
5J2J	5J2J
5J2K	5J2K
5J2M	5J2M
5J2N	5J2N
5J2P	5J2P
5J2Q	5J2Q
5J2W	5J2W
5J30	5J30
5J37	5J37
5J3C	5J3C
5J3E	5J3E
5J3F	5J3F
5J3G	5J3G
5J3I	5J3I
5J4B	5J4B
5J4C	5J4C
5J4D	5J4D
5J5B	5J5B
5J7L	5J7L
5J88	5J88
5J8A	5J8A
5J8B	5J8B
5J91	5J91
5JAJ	5JAJ
5JB2	5JB2
5JBG	5JBG
5JBJ	5JBJ
5JC3	5JC3
5JC7	5JC7
5JC9	5JC9
5JCF	5JCF
5JCH	5JCH
5JEA	5JEA
5JEU	5JEU
5JEV	5JEV
5JGH	5JGH
5JH0	5JH0
5JJI	5JJI
5JJK	5JJK
5JJL	5JJL
5JJU	5JJU
5JJV	5JJV
5JK0	5JK0
5JLW	5JLW
5JLX	5JLX
5JRC	5JRC
5JRE	5JRE
5JS1	5JS1
5JS2	5JS2
5JU4	5JU4
5JUB	5JUB
5JUM	5JUM
5JVG	5JVG
5JVH	5JVH
5JVT	5JVT
5JVW	5JVW
5JW0	5JW0
5JW2	5JW2
5JXS	5JXS
5JXY	5JXY
5JZQ	5JZQ
5K1Y	5K1Y
5K36	5K36
5K58	5K58
5K5O	5K5O
5K5Q	5K5Q
5K5R	5K5R
5K77	5K77
5K78	5K78
5K7C	5K7C
5K7D	5K7D
5K7E	5K7E
5K7Z	5K7Z
5K83	5K83
5K8H	5K8H
5K98	5K98
5KAL	5KAL
5KBD	5KBD
5KBJ	5KBJ
5KE6	5KE6
5KE7	5KE7
5KE8	5KE8
5KE9	5KE9
5KEA	5KEA
5KEB	5KEB
5KEK	5KEK
5KEO	5KEO
5KFA	5KFA
5KFB	5KFB
5KFC	5KFC
5KFD	5KFD
5KFE	5KFE
5KFF	5KFF
5KFG	5KFG
5KFH	5KFH
5KFI	5KFI
5KFJ	5KFJ
5KFK	5KFK
5KFL	5KFL
5KFM	5KFM
5KFN	5KFN
5KFO	5KFO
5KFP	5KFP
5KFQ	5KFQ
5KFR	5KFR
5KFS	5KFS
5KFT	5KFT
5KFU	5KFU
5KFV	5KFV
5KFW	5KFW
5KFX	5KFX
5KFY	5KFY
5KFZ	5KFZ
5KG0	5KG0
5KG1	5KG1
5KG2	5KG2
5KG3	5KG3
5KG4	5KG4
5KG5	5KG5
5KG6	5KG6
5KG7	5KG7
5KGV	5KGV
5KI4	5KI4
5KI5	5KI5
5KI6	5KI6
5KI7	5KI7
5KIB	5KIB
5KIE	5KIE
5KIF	5KIF
5KIH	5KIH
5KK1	5KK1
5KK5	5KK5
5KL1	5KL1
5KL2	5KL2
5KL3	5KL3
5KL4	5KL4
5KL5	5KL5
5KL6	5KL6
5KL7	5KL7
5KL8	5KL8
5KLA	5KLA
5KMZ	5KMZ
5KN8	5KN8
5KN9	5KN9
5KPY	5KPY
5KQE	5KQE
5KRB	5KRB
5KRG	5KRG
5KT2	5KT2
5KT3	5KT3
5KT4	5KT4
5KT5	5KT5
5KT6	5KT6
5KT7	5KT7
5KTJ	5KTJ
5KUB	5KUB
5KVJ	5KVJ
5KX9	5KX9
5L00	5L00
5L06	5L06
5L0M	5L0M
5L1I	5L1I
5L1J	5L1J
5L1K	5L1K
5L1L	5L1L
5L1Z	5L1Z
5L2G	5L2G
5L2L	5L2L
5L2X	5L2X
5L4O	5L4O
5L6L	5L6L
5L7C	5L7C
5L9X	5L9X
5LEJ	5LEJ
5LEK	5LEK
5LFS	5LFS
5LFW	5LFW
5LFX	5LFX
5LGY	5LGY
5LIG	5LIG
5LRS	5LRS
5LTA	5LTA
5LUW	5LUW
5LUY	5LUY
5LWJ	5LWJ
5LYB	5LYB
5LYS	5LYS
5LYU	5LYU
5LYV	5LYV
5M0H	5M0H
5M0I	5M0I
5M0J	5M0J
5M1W	5M1W
5M3H	5M3H
5M3J	5M3J
5M73	5M73
5MFX	5MFX
5MJV	5MJV
5MJX	5MJX
5MSG	5MSG
5SUP	5SUP
5SWD	5SWD
5SWE	5SWE
5SWM	5SWM
5SWW	5SWW
5SY7	5SY7
5SZT	5SZT
5SZX	5SZX
5T01	5T01
5T14	5T14
5T16	5T16
5T1J	5T1J
5T2W	5T2W
5T3L	5T3L
5T5A	5T5A
5T7B	5T7B
5T83	5T83
5T8Y	5T8Y
5T9J	5T9J
5TB8	5TB8
5TB9	5TB9
5TBA	5TBA
5TBB	5TBB
5TBC	5TBC
5TCT	5TCT
5TD5	5TD5
5TDJ	5TDJ
5TDK	5TDK
5TF6	5TF6
5TGA	5TGA
5TGM	5TGM
5TGX	5TGX
5TH3	5TH3
5TKZ	5TKZ
5TMI	5TMI
5TPY	5TPY
5TRD	5TRD
5TW1	5TW1
5TZV	5TZV
5U30	5U30
5U31	5U31
5U33	5U33
5U34	5U34
5U3G	5U3G
5U9H	5U9H
5UDI	5UDI
5UDJ	5UDJ
5UDK	5UDK
5UDL	5UDL
5UDZ	5UDZ
5UI5	5UI5
5UJ2	5UJ2
5WQE	5WQE
5WSP	5WSP
5WSQ	5WSQ
5WSR	5WSR
5WSS	5WSS
5WTK	5WTK
5WTY	5WTY
5X6G	5X6G
5X6H	5X6H
5X6M	5X6M
6GAT	6GAT
7GAT	7GAT
8DRH	8DRH
8PSH	8PSH
401D	AD0001
414D	AD0002
440D	AD0003
441D	AD0004
1QPH	AD0005
1DNZ	AD0006
1DPL	AD0007
1F6E	AD0009
1G00	AD0010
1I0F	AD0011
1I0G	AD0012
1I0J	AD0013
1I0K	AD0014
1I0M	AD0015
1I0N	AD0016
1I0O	AD0017
1I0P	AD0018
1I0Q	AD0019
1I5W	AD0020
1IH2	AD0021
1IH3	AD0022
1IH4	AD0023
1IH6	AD0024
1KGK	AD0025
1M77	AD0026
1MA8	AD0027
1MLX	AD0028
1NZG	AD0029
1PWF	AD0030
1R3G	AD0031
1XJX	AD0032
1XJY	AD0033
1Y7F	AD0034
1WV5	AD0035
1WV6	AD0036
1Y84	AD0037
1Y86	AD0038
1Y9F	AD0039
1Y9S	AD0040
1Y8L	AD0041
1Y8V	AD0042
1YB9	AD0043
1YBC	AD0044
1Z7I	AD0045
1ZEX	AD0046
1ZEY	AD0047
1ZF1	AD0048
1ZF6	AD0049
1ZF8	AD0050
1ZF9	AD0051
1ZFA	AD0052
1ZJE	AD0053
1ZJF	AD0054
1ZJG	AD0055
2A7E	AD0056
2AXB	AD0057
2B1B	AD0058
2B1C	AD0059
2FIJ	AD0060
2FIL	AD0061
2GPX	AD0062
2DLJ	AD0063
2H05	AD0064
2HC7	AD0065
2NSK	AD0066
2PKV	AD0067
2PL4	AD0068
2PL8	AD0069
2PLB	AD0070
2PLO	AD0071
3BM0	AD0072
3FA1	AD0073
3EY2	AD0074
1ANA	ADDB01
257D	ADF073
254D	ADFB62
275D	ADFB63
256D	ADFB72
343D	ADFB97
2ANA	ADH006
3ANA	ADH007
9DNA	ADH008
1VJ4	ADH010
368D	ADH0102
369D	ADH0103
370D	ADH0104
371D	ADH0105
372D	ADH0106
1VT5	ADH012
1VT6	ADH013
1DNS	ADH014
1VT7	ADH016
1D91	ADH018
1D92	ADH019
1D93	ADH020
28DN	ADH023
5ANA	ADH024
2D94	ADH026
2D95	ADH027
1VT8	ADH029
1VT9	ADH030
1VTA	ADH031
295D	ADH033
1VTB	ADH034
1D78	ADH038
1D79	ADH039
1D82	ADH041
118D	ADH047
172D	ADH054
187D	ADH056
188D	ADH057
189D	ADH058
197D	ADH059
243D	ADH070
281D	ADH076
317D	ADH078
1VTC	ADH098
345D	ADHB100
346D	ADHB101
115D	ADHB11
1D90	ADHB17
337D	ADHB91
338D	ADHB92
339D	ADHB93
340D	ADHB94
341D	ADHB95
342D	ADHB96
344D	ADHB99
1D26	ADHP36
1DN6	ADI009
348D	ADJ0102
349D	ADJ0103
382D	ADJ0109
395D	ADJ0112
396D	ADJ0113
1D13	ADJ022
160D	ADJ049
137D	ADJ050
138D	ADJ051
212D	ADJ065
220D	ADJ066
221D	ADJ067
240D	ADJ069
260D	ADJ075
320D	ADJ081
321D	ADJ082
383D	ADJB110
384D	ADJB111
213D	ADJB61
318D	ADJB79
319D	ADJB80
322D	ADJB83
323D	ADJB84
324D	ADJB85
325D	ADJB86
326D	ADJB87
327D	ADJB88
2D47	ADL025
116D	ADL045
117D	ADL046
399D	ADL047
363D	ADLS105
404D	AH0001
410D	AH0002
411D	AH0003
412D	AH0004
479D	AH0005
1D9H	AH0006
1DNO	AH0007
1DNT	AH0008
1DNX	AH0009
1EFO	AH0010
1EVP	AH0011
1G4Q	AH0012
1I2X	AH0013
1I2Y	AH0014
1ICG	AH0015
1ID9	AH0016
1IDW	AH0017
1IHA	AH0018
1JB8	AH0019
2BJ6	AH0020
2GUN	AH0021
2DQO	AH0022
2DQP	AH0023
2DQQ	AH0024
398D	AHH0114
246D	AHH071
315D	AHH077
332D	AHH089
165D	AHIB53
1D96	AHJ015
1OFX	AHJ040
1D87	AHJ043
1D88	AHJ044
161D	AHJ052
100D	AHJ060
222D	AHJ068
168D	AHJS55
402D	AR0001
405D	AR0002
406D	AR0003
409D	AR0004
413D	AR0005
420D	AR0006
422D	AR0007
433D	AR0008
434D	AR0009
435D	AR0010
438D	AR0011
439D	AR0012
466D	AR0013
464D	AR0014
469D	AR0015
468D	AR0016
470D	AR0017
471D	AR0018
485D	AR0019
1QCU	AR0020
1QC0	AR0021
472D	AR0022
1CSL	AR0023
1D4R	AR0024
1QBP	AR0025
1DQF	AR0026
1DQH	AR0027
1DUQ	AR0028
1FUF	AR0029
1G2J	AR0030
1I7J	AR0031
1I9X	AR0032
1IK5	AR0033
1J9H	AR0034
1JZV	AR0035
1KD3	AR0036
1KD4	AR0037
1KD5	AR0038
1KFO	AR0039
1L3Z	AR0040
1LNT	AR0041
1NLC	AR0044
1O3Z	AR0046
1SA9	AR0048
1SAQ	AR0049
1Y6T	AR0050
1Y73	AR0051
1Y6S	AR0052
1Y90	AR0053
1Y95	AR0054
1WVD	AR0055
1Y99	AR0056
1YRM	AR0057
1YY0	AR0058
1YZD	AR0059
1Z79	AR0060
1Z7F	AR0061
1ZEV	AR0062
2A0P	AR0063
1ZX7	AR0064
2AO5	AR0065
2FQN	AR0066
2G3S	AR0067
2G92	AR0068
2G91	AR0069
2H1M	AR0070
2NOK	AR0071
2OE6	AR0072
2O3Y	AR0073
2OIJ	AR0074
2OIY	AR0075
2OJ0	AR0076
2PN3	AR0077
2PN4	AR0078
2Q1R	AR0079
2Q1O	AR0080
2R1S	AR0081
2R20	AR0082
2R21	AR0083
2R22	AR0084
3BNL	AR0085
3BNN	AR0086
3BNO	AR0087
3BNP	AR0088
3BNQ	AR0089
3BNR	AR0090
3BNS	AR0091
3BNT	AR0092
3CGP	AR0093
3CGQ	AR0094
3CGR	AR0095
3CGS	AR0096
3CJZ	AR0097
3CZW	AR0098
3D0M	AR0099
3FAR	AR0100
3FS0	AR0101
3FTM	AR0102
3GLP	AR0103
3GM7	AR0104
3GVN	AR0105
377D	ARF0108
310D	ARFS26
1RXA	ARH063
1RXB	ARH064
259D	ARH074
333D	ARHB90
255D	ARL037
157D	ARL048
1SDR	ARL062
1RNA	ARN035
423D	BD0001
424D	BD0002
425D	BD0003
426D	BD0004
428D	BD0005
431D	BD0006
436D	BD0007
455D	BD0008
456D	BD0009
457D	BD0010
458D	BD0011
460D	BD0012
461D	BD0013
463D	BD0014
1QC1	BD0015
1D3R	BD0017
476D	BD0018
477D	BD0019
478D	BD0020
1CW9	BD0021
1QP5	BD0022
1D8G	BD0023
1D8X	BD0024
1D9R	BD0025
1DC0	BD0026
1DCR	BD0027
1DCV	BD0028
1DOU	BD0029
1DPN	BD0030
1EDR	BD0031
1EHV	BD0032
1EN3	BD0033
1EN8	BD0034
1EN9	BD0035
1ENE	BD0036
1ENN	BD0037
1EI4	BD0038
1F69	BD0039
1F6C	BD0040
1FQ2	BD0041
1G3V	BD0042
1G75	BD0043
1G8N	BD0044
1G8U	BD0045
1G8V	BD0046
1HQ7	BD0047
1I3T	BD0048
1I47	BD0049
1IH1	BD0050
1IKK	BD0051
1ILC	BD0052
1J8L	BD0053
1JGR	BD0054
1D62	BD0055
1LP7	BD0057
1N4E	BD0059
1N1O	BD0060
1N5C	BD0061
1NGT	BD0062
1P24	BD0063
1P25	BD0064
1P26	BD0065
1S23	BD0066
1S2R	BD0067
1S1K	BD0068
1S9B	BD0069
1SGS	BD0070
1SK5	BD0071
1VE8	BD0072
1WQY	BD0073
1WQZ	BD0074
1Z5T	BD0075
1ZEW	BD0076
1ZF0	BD0077
1Z8V	BD0078
1ZF5	BD0079
1ZF7	BD0080
1ZFB	BD0081
1ZFC	BD0082
1ZFE	BD0083
1ZFG	BD0084
1ZFH	BD0085
1ZFM	BD0086
1ZFF	BD0087
2A2T	BD0088
2AF1	BD0089
2B1D	BD0090
2FIH	BD0091
2FII	BD0092
2G1Z	BD0093
2GOT	BD0094
2DP7	BD0095
2DPB	BD0096
2DPC	BD0097
2DZ7	BD0098
2OKS	BD0099
2PIS	BD0100
2P8D	BD0101
2QEF	BD0102
2QEG	BD0103
2RF3	BD0104
3BSE	BD0105
3EIL	BD0106
3EY3	BD0107
3FL6	BD0108
3FX8	BD0109
3GJK	BD0111
3GJL	BD0112
3GGI	BD0114
3GGK	BD0115
3GBI	BD0116
403D	BDD001
407D	BDD002
408D	BDD003
206D	BDF062
251D	BDF068
1D97	BDFP24
250D	BDH071
3DNB	BDJ008
1BD1	BDJ017
5DNB	BDJ019
1D23	BDJ025
1D49	BDJ031
1D56	BDJ036
1D57	BDJ037
1CGC	BDJ039
126D	BDJ051
158D	BDJ052
167D	BDJ055
196D	BDJ060
252D	BDJ069
307D	BDJ081
2D25	BDJB27
1D60	BDJB43
1D61	BDJB44
1DA3	BDJB48
122D	BDJB49
123D	BDJB50
183D	BDJB57
286D	BDJB77
1BNA	BDL001
2BNA	BDL002
7BNA	BDL005
1D98	BDL006
1DN9	BDL007
113D	BDL009
1D99	BDL011
112D	BDL012
111D	BDL014
1BDN	BDL015
1VTD	BDL018
9BNA	BDL020
1VTE	BDL021
1DNM	BDL022
1D28	BDL028
1D29	BDL029
1NDN	BDL032
330D	BDL035
1D65	BDL038
119D	BDL042
1D80	BDL046
1D89	BDL047
194D	BDL059
249D	BDL070
271D	BDL075
287D	BDL078
355D	BDL084
3BNA	BDLB03
4BNA	BDLB04
114D	BDLB10
4DNB	BDLB13
1D27	BDLB26
1D75	BDLB33
1D77	BDLB40
1D81	BDLB41
153D	BDLB53
150D	BDLB54
178D	BDLB56
218D	BDLB58
265D	BDLB72
266D	BDLB73
270D	BDLB74
285D	BDLB76
297D	BDLB82
329D	BDLB83
388D	BDLB84
389D	BDLB85
233D	BDLS67
290D	BDLS79
291D	BDLS80
427D	DD0001
432D	DD0002
442D	DD0003
443D	DD0004
444D	DD0005
445D	DD0006
447D	DD0007
448D	DD0008
449D	DD0009
452D	DD0012
453D	DD0013
459D	DD0014
465D	DD0015
473D	DD0016
482D	DD0017
1C9Z	DD0018
1CS7	DD0019
1CVX	DD0020
1CVY	DD0021
1QDA	DD0022
1DL8	DD0023
1DVL	DD0024
1EEL	DD0025
1EG6	DD0026
1EM0	DD0027
1FD5	DD0028
1FDG	DD0029
1FHY	DD0030
1FHZ	DD0031
1FN1	DD0032
1FN2	DD0033
1FMQ	DD0034
1FMS	DD0035
1FTD	DD0036
1G3X	DD0037
1I1P	DD0038
1I3W	DD0039
1IHH	DD0040
1JO2	DD0041
1JTL	DD0042
1JUX	DD0043
1K2L	DD0045
1K2Z	DD0046
1K9G	DD0047
1KCI	DD0048
1L1H	DD0049
1LU5	DD0050
1M69	DD0051
1M6F	DD0052
1MNV	DD0053
1NAB	DD0054
1O0K	DD0055
1P20	DD0056
1PFE	DD0057
1PUY	DD0058
1QV4	DD0059
1QV8	DD0060
1R68	DD0061
1RQY	DD0062
1VAQ	DD0063
1XCS	DD0064
1XCU	DD0065
1XVK	DD0066
1XVN	DD0067
1XVR	DD0068
1VZK	DD0069
1Z3F	DD0070
1ZPH	DD0071
1ZPI	DD0072
2ADW	DD0073
2B0K	DD0074
2B2B	DD0075
2B3E	DD0076
2ET0	DD0077
2GB9	DD0078
2GJB	DD0079
1UNM	DD0080
2GVR	DD0081
2GYX	DD0082
2GWA	DD0083
2I2I	DD0084
2I5A	DD0085
2DYW	DD0086
2NLM	DD0087
2O1I	DD0088
1UNJ	DD0089
3C2J	DD0090
3CCO	DD0091
3CDM	DD0092
3CE5	DD0093
3CO3	DD0094
3EM2	DD0095
3EQW	DD0096
3ERU	DD0097
3ES0	DD0098
3ET8	DD0099
3EUI	DD0100
3EUM	DD0101
3EY0	DD0102
3FT6	DD0103
3GDD	DD0106
3GO3	DD0107
3GSJ	DD0108
3GSK	DD0109
3GJH	DD104
3GJJ	DD105
1D32	DDD030
1VTF	DDDB06
154D	DDDB46
1D11	DDF001
1VTG	DDF007
1DA0	DDF018
1D12	DDF019
1D10	DDF020
1D15	DDF022
1D33	DDF023
1D36	DDF026
292D	DDF027
1D37	DDF028
1D38	DDF029
1VTH	DDF031
1VTI	DDF032
1D54	DDF035
1D58	DDF036
1D67	DDF038
110D	DDF039
1DA9	DDF040
2DES	DDF041
151D	DDF044
152D	DDF045
182D	DDF049
198D	DDF050
224D	DDF052
215D	DDF053
234D	DDF054
235D	DDF055
236D	DDF056
231D	DDF060
1IMR	DDF061
1IMS	DDF062
245D	DDF063
258D	DDF064
288D	DDF065
276D	DDF066
277D	DDF067
278D	DDF068
282D	DDF069
1AGL	DDF072
366D	DDF073
367D	DDF074
381D	DDF077
385D	DDF078
386D	DDF079
1D21	DDFA14
1D22	DDFA15
1D17	DDFA16
2D34	DDFB24
1D35	DDFB25
308D	DDFB70
380D	DDFB76
1D14	DDFP21
1VS2	DDH010
2D55	DDH037
173D	DDH048
209D	DDH051
316D	DDH071
1A2E	DDJ075
5BNA	DDL017
1AIO	DDLB73
418D	DR0001
419D	DR0002
421D	DR0003
1ET4	DR0004
1F27	DR0005
1J7T	DR0006
1LC4	DR0007
1MWL	DR0008
1NTA	DR0009
1NTB	DR0010
1YRJ	DR0011
1O9M	DR0012
1ZZ5	DR0013
2A04	DR0014
2ET3	DR0015
2ET4	DR0016
2ET5	DR0017
2ET8	DR0018
2BE0	DR0019
2BEE	DR0020
2ESI	DR0021
2ESJ	DR0022
2FCX	DR0023
2FCY	DR0024
2FCZ	DR0025
2FD0	DR0026
2F4S	DR0027
2F4T	DR0028
2F4U	DR0029
2G5K	DR0030
2O43	DR0032
2O44	DR0033
2O45	DR0034
2OE5	DR0035
2OE8	DR0036
2O3V	DR0037
2O3W	DR0038
2O3X	DR0039
2PWT	DR0040
3C3Z	DR0041
3C44	DR0042
3C5D	DR0043
3C7R	DR0044
3D2V	DR0045
3D2X	DR0046
3DVV	DR0047
378D	GDH060
159D	GDHB25
261D	GDJ046
334D	GDJ054
365D	GDJ057
375D	GDJ059
274D	GDJB29
358D	GDJB55
474D	GDJB58
1VTJ	GDL001
1DNH	GDL002
2DND	GDL003
1DNE	GDL004
8BNA	GDL006
1D30	GDL008
2DBE	GDL009
1D43	GDL010
1D44	GDL011
1D45	GDL012
1D46	GDL013
121D	GDL014
1D64	GDL015
1D63	GDL016
1D86	GDL018
129D	GDL021
127D	GDL022
1PRP	GDL023
264D	GDL026
166D	GDL027
296D	GDL028
195D	GDL030
102D	GDL032
109D	GDL033
227D	GDL036
1LEX	GDL037
1LEY	GDL038
263D	GDL039
298D	GDL044
289D	GDL045
302D	GDL047
303D	GDL048
311D	GDL052
328D	GDL053
360D	GDL056
6BNA	GDLB05
1D85	GDLB17
128D	GDLB19
130D	GDLB20
144D	GDLB24
101D	GDLB31
267D	GDLB41
268D	GDLB42
269D	GDLB43
304D	GDLB49
305D	GDLB50
306D	GDLB51
216D	GHHB34
217D	GHHB35
481D	HD0001
1D7Z	HD0002
3HG8	NA0001
3HGA	NA0002
3HGD	NA0003
3HL2	NA0004
3HJF	NA0005
3HK2	NA0006
3HP6	NA0007
3HOS	NA0008
3HOT	NA0009
2VUQ	NA0011
2VUM	NA0012
2VOO	NA0013
2VTB	NA0014
2VS8	NA0015
2VOP	NA0016
2VPL	NA0017
2VQE	NA0018
2VRT	NA0019
2VS7	NA0020
2VQF	NA0021
2VON	NA0022
2VE9	NA0023
2VHG	NA0024
3HQE	NA0029
3HOU	NA0030
3HOV	NA0031
3HOW	NA0032
3HOX	NA0033
3HOY	NA0034
3HOZ	NA0035
3HSB	NA0036
3HS1	NA0037
3HO1	NA0038
3HQF	NA0039
3HQG	NA0040
3HR3	NA0041
3A3A	NA0042
3HPO	NA0043
3HT3	NA0044
3HTX	NA0045
3I2Q	NA0051
3I2R	NA0052
3I2S	NA0053
3I2U	NA0054
3HZI	NA0055
3A46	NA0056
3I1D	NA0057
3I2O	NA0058
3I3M	NA0059
3I49	NA0060
3I4M	NA0061
3I4N	NA0062
3HXO	NA0063
3HXQ	NA0064
3I0W	NA0065
3I0X	NA0066
3HW8	NA0067
3HWT	NA0068
3HX0	NA0069
3A4K	NA0070
3HXM	NA0071
3HVR	NA0072
3IAY	NA0085
3I5X	NA0086
3I5Y	NA0087
3I61	NA0088
3I62	NA0089
3ICE	NA0090
3IBK	NA0091
3IAG	NA0092
3IE1	NA0094
3IFF	NA0095
3IFI	NA0096
3IAB	NA0097
3IEV	NA0098
3ID5	NA0101
3IEM	NA0102
3IGC	NA0104
3IGK	NA0105
3IGL	NA0106
3IGI	NA0107
3IGT	NA0108
3IGM	NA0109
3IH7	NA0110
3IIN	NA0112
3ICQ	NA0113
3IKI	NA0114
3IJK	NA0115
3IJN	NA0116
3IL2	NA0117
3IKT	NA0118
3HM9	NA0119
3A5T	NA0120
3IMB	NA0121
3A5U	NA0122
3I55	NA0123
3I56	NA0124
3IQN	NA0125
3IQP	NA0126
3IQR	NA0127
3IRQ	NA0128
3IRR	NA0129
3ISB	NA0130
3ISC	NA0131
3ISD	NA0132
3IN5	NA0133
3IVK	NA0134
3IVN	NA0135
3A6N	NA0136
3JQ4	NA0138
3JR4	NA0139
3IXN	NA0140
3JR5	NA0141
3A6P	NA0142
3JPN	NA0143
3JPO	NA0144
3JPP	NA0145
3JPQ	NA0146
3JPR	NA0147
3JPS	NA0148
3JPT	NA0149
3JSO	NA0150
3JSM	NA0151
3JSP	NA0152
3I5L	NA0153
3I5E	NA0154
3I8D	NA0155
3IV5	NA0156
3JR9	NA0157
3JRA	NA0158
3JRB	NA0159
3JRC	NA0160
3JRD	NA0161
3JRE	NA0162
3JRF	NA0163
3JRG	NA0164
3JRH	NA0165
3JRI	NA0166
3JTG	NA0167
3JYT	NA0168
3IWN	NA0169
3JX7	NA0170
3JXY	NA0171
3JXZ	NA0172
3JY1	NA0173
3JXB	NA0181
3JXC	NA0182
3JXD	NA0183
3K1V	NA0185
3JXQ	NA0193
3JXR	NA0194
3K3R	NA0195
3K0S	NA0196
3K49	NA0197
3K4E	NA0198
3K0J	NA0199
3K5Q	NA0200
3K57	NA0201
3K58	NA0202
3K59	NA0203
3K5L	NA0205
3K5M	NA0206
3K5N	NA0207
3K70	NA0208
2UUC	NA0213
2UXB	NA0214
2UXD	NA0215
3K18	NA0216
3K9F	NA0217
3K5Y	NA0218
3K5Z	NA0219
3K61	NA0220
3K62	NA0221
3K64	NA0222
3KDE	NA0235
2W2H	NA0244
2W35	NA0245
2W36	NA0246
2W42	NA0247
2W7N	NA0248
2W7O	NA0249
2W7P	NA0250
2W8K	NA0251
2W8L	NA0252
3KET	NA0255
1OE6	NA0256
1OE4	NA0259
1OE5	NA0260
1GT0	NA0261
1GXP	NA0262
1ODG	NA0263
1OJ8	NA0264
1UTD	NA0265
1UVI	NA0268
1UVJ	NA0269
1UVK	NA0270
1UVL	NA0271
1UVM	NA0272
1UVN	NA0273
3KD1	NA0274
3KD5	NA0275
1V14	NA0276
1V15	NA0277
3KHC	NA0278
2V7R	NA0279
2V6W	NA0280
3K4X	NA0281
2JLX	NA0282
2JLU	NA0283
2JLV	NA0284
2JLW	NA0285
2JLY	NA0286
2JLZ	NA0287
2JLT	NA0288
3KJO	NA0289
3KJP	NA0290
2IVK	NA0291
2IZM	NA0292
2JA5	NA0293
2JA6	NA0294
2JA7	NA0295
2JA8	NA0296
2JG3	NA0297
2JJA	NA0298
2JLG	NA0299
2UYC	NA0300
2UYH	NA0301
2UZ4	NA0302
2UZK	NA0303
2V0G	NA0304
2V1U	NA0305
2V2T	NA0306
2V3C	NA0307
2V4Q	NA0308
2V4R	NA0309
2V6E	NA0310
2V9W	NA0311
2VA2	NA0312
2VA3	NA0313
2VAL	NA0314
2VBJ	NA0315
2VBL	NA0316
2VBN	NA0317
2VBO	NA0318
3KHG	NA0319
3KHH	NA0320
3KHL	NA0321
3KHR	NA0322
3KLE	NA0324
3KLF	NA0325
3KLG	NA0326
3KLH	NA0327
2VIC	NA0328
2VIH	NA0329
2VJU	NA0330
2VJV	NA0331
2VLA	NA0332
2VOA	NA0333
2VOD	NA0334
2VW9	NA0335
2VWJ	NA0336
2VY1	NA0337
2VY2	NA0338
2VYE	NA0339
2W9A	NA0340
2W9B	NA0341
2W9C	NA0342
2WB2	NA0343
2WIW	NA0344
2WIZ	NA0345
2WJ0	NA0346
2VZ4	NA0347
2W89	NA0348
3KLV	NA0349
3KMQ	NA0350
3KMS	NA0351
3KNA	NA0352
3KOV	NA0353
3KOA	NA0354
3KMP	NA0355
3KMD	NA0356
3AAF	NA0357
3KNT	NA0358
3KO2	NA0359
3KNC	NA0360
3KQ8	NA0368
3KQH	NA0369
3KQK	NA0370
3KQL	NA0371
3KQN	NA0372
3KQU	NA0373
3KJV	NA0374
3KSA	NA0375
3KSB	NA0376
3KS8	NA0377
3KTV	NA0378
3KTW	NA0379
2WJ8	NA0380
3KUY	NA0384
3KXT	NA0385
3KK1	NA0386
3L0U	NA0391
3L1Q	NA0392
3L1P	NA0393
3L2C	NA0394
3KZ8	NA0395
3L2Q	NA0396
3L2R	NA0397
3L2U	NA0400
3L2V	NA0401
3L2W	NA0402
3KYL	NA0403
3KWQ	NA0404
3KTU	NA0405
3L3C	NA0410
3L25	NA0411
3L26	NA0412
2WWY	NA0414
3LA5	NA0415
3L4J	NA0416
3L4K	NA0417
3KXB	NA0424
3LAJ	NA0425
3LAP	NA0426
3KK2	NA0427
2X1A	NA0428
2X1F	NA0429
3LEL	NA0430
3ADB	NA0431
3ADC	NA0432
3ADD	NA0433
3LK9	NA0434
3LLN	NA0435
3ADL	NA0436
2WTU	NA0437
3ADI	NA0438
3LJA	NA0439
3KK3	NA0440
3LNQ	NA0441
2WNA	NA0443
3LRN	NA0444
3LQX	NA0445
2WQ6	NA0446
2WQ7	NA0447
3AEV	NA0448
3L8B	NA0449
3LOB	NA0450
3LTR	NA0451
3LTU	NA0452
3LPV	NA0453
3LOA	NA0454
3LTN	NA0455
3L2P	NA0458
3LWH	NA0459
3LWI	NA0460
3AF6	NA0461
3LWO	NA0462
3LWP	NA0463
3LWQ	NA0464
3LWR	NA0465
3LWV	NA0466
3AFA	NA0467
3LRR	NA0468
3LWL	NA0469
3LWM	NA0470
3LZI	NA0471
3LZJ	NA0472
3LSP	NA0473
3LSR	NA0474
3LZ0	NA0475
3LZ1	NA0476
3M3Y	NA0477
3M4O	NA0478
3M8R	NA0479
3M8S	NA0480
3M7N	NA0481
3MAQ	NA0482
2WTF	NA0483
3M85	NA0484
3M9E	NA0485
2WBS	NA0486
2WBU	NA0487
3MFH	NA0489
3MFK	NA0490
3MFI	NA0491
3MBY	NA0492
3MDA	NA0493
3MDC	NA0494
3LDY	NA0495
3AGV	NA0496
3M7K	NA0497
3M9M	NA0498
3M9N	NA0499
3MGP	NA0501
3MGQ	NA0502
3MGR	NA0503
3MGS	NA0504
3MEI	NA0505
3MGV	NA0506
3MKW	NA0507
3MKY	NA0508
3MKZ	NA0509
3MDG	NA0510
3MDI	NA0511
3MIJ	NA0512
3M4A	NA0514
3MBS	NA0515
3MIP	NA0516
3MIS	NA0517
3MJ3	NA0519
3MJA	NA0520
3MJB	NA0521
3MJ0	NA0522
3MGH	NA0523
3MGI	NA0524
3MNN	NA0525
3MLN	NA0526
3MLO	NA0527
3MLP	NA0528
3MOJ	NA0529
3MQ6	NA0530
3MQY	NA0531
3MR2	NA0532
3MQK	NA0533
3MR3	NA0534
2XB2	NA0539
3MU6	NA0540
3MVD	NA0541
3MX4	NA0542
3AHU	NA0544
3MX9	NA0545
3MXA	NA0546
3MXB	NA0547
3MVA	NA0548
3MVB	NA0549
3MUM	NA0550
3MUR	NA0551
3MUT	NA0552
3MUV	NA0553
3MXH	NA0554
3MXI	NA0556
3MXM	NA0558
3MZH	NA0560
3N1I	NA0565
3N1J	NA0566
3N1K	NA0567
3N1L	NA0568
3N6S	NA0569
3N7Q	NA0570
3N78	NA0573
3N7B	NA0574
3ND3	NA0575
3ND4	NA0576
3AJJ	NA0577
3AJK	NA0578
3AJL	NA0579
3N4N	NA0580
3N4O	NA0581
3N4M	NA0582
3NAE	NA0583
3N97	NA0584
3NDK	NA0585
3NE6	NA0586
3NDB	NA0587
2XGJ	NA0588
3NDH	NA0589
3NGZ	NA0594
3NH0	NA0595
3NH1	NA0596
3NH2	NA0597
3MR5	NA0598
3NGI	NA0599
3NHG	NA0600
3NCU	NA0601
3MR6	NA0602
3NGO	NA0603
3NKB	NA0604
3NGD	NA0605
3NJ7	NA0607
3NJ6	NA0608
3NMR	NA0610
3NNA	NA0611
3NNC	NA0612
3NNH	NA0613
3NP6	NA0614
3NL0	NA0615
3NBN	NA0616
3NIC	NA0617
3NMA	NA0618
3NMU	NA0619
3NPN	NA0620
3NPQ	NA0621
3NVI	NA0622
2XHB	NA0623
3NX5	NA0626
3O1M	NA0627
3O1O	NA0628
3O1P	NA0629
3O1R	NA0630
3O1S	NA0631
3O1T	NA0632
3O1U	NA0633
3O1V	NA0634
3O3F	NA0635
3O3G	NA0636
3O3H	NA0637
3NYP	NA0638
3O3I	NA0639
3NZ7	NA0640
3NAO	NA0641
3NCI	NA0642
2XCR	NA0644
2XCS	NA0645
3O62	NA0646
3NM9	NA0647
3O6E	NA0648
3O7V	NA0649
3AKZ	NA0652
3AL0	NA0653
3OA6	NA0654
3OD8	NA0655
3ODA	NA0656
3ODC	NA0657
3ODE	NA0658
3OG8	NA0659
3ODH	NA0660
3O9X	NA0661
2XCT	NA0662
3AM1	NA0683
3OIJ	NA0688
3OIN	NA0689
3OIE	NA0694
3OHA	NA0698
3OGU	NA0699
3OHB	NA0700
2XKK	NA0701
3OL6	NA0702
3OL7	NA0703
3OL8	NA0704
3OL9	NA0705
3OLA	NA0706
3OLB	NA0707
3ON0	NA0708
3OMJ	NA0711
3OGD	NA0713
3OH6	NA0714
3OH9	NA0715
2XC9	NA0717
2XCA	NA0718
2XCP	NA0719
2XNR	NA0720
3OOL	NA0721
3OOR	NA0722
3AMT	NA0723
3AMU	NA0724
3AN2	NA0725
3OQG	NA0727
3OR3	NA0728
3OQM	NA0729
3OQN	NA0730
3OQO	NA0731
2XO7	NA0732
2XPJ	NA0733
3OSN	NA0742
3O8C	NA0745
2XLI	NA0750
2XLJ	NA0751
2XLK	NA0752
3O8R	NA0753
3OS0	NA0754
3OS1	NA0755
3OS2	NA0756
3OTO	NA0757
3OUY	NA0758
3OV7	NA0759
3OVA	NA0760
3OVB	NA0761
3OVS	NA0762
3OWI	NA0767
3OJS	NA0768
3OJU	NA0769
3OK2	NA0770
3OK4	NA0771
3OPI	NA0773
3OWW	NA0774
3OWZ	NA0775
3OX0	NA0776
2WT7	NA0777
2XBM	NA0778
2XE0	NA0779
3OY9	NA0780
3OYA	NA0781
3OXB	NA0782
3OSF	NA0783
3OSG	NA0784
3OSP	NA0785
3OYB	NA0786
3OYC	NA0787
3OYD	NA0788
3OYE	NA0789
3OYF	NA0790
3OYG	NA0791
3OYH	NA0792
3OYI	NA0793
3OYJ	NA0794
3OYK	NA0795
3OYL	NA0796
3OYM	NA0797
3OYN	NA0798
3P22	NA0799
2XM3	NA0800
2XMA	NA0801
2XO6	NA0802
2XQC	NA0803
3P4J	NA0804
3AOH	NA0805
3AOI	NA0806
3OZ3	NA0807
3OZ4	NA0808
3OZ5	NA0809
3P4B	NA0810
3P4C	NA0811
3P4D	NA0812
3P59	NA0813
2XSD	NA0814
3P4A	NA0815
3P49	NA0816
3OXD	NA0817
3OXE	NA0818
3OXJ	NA0819
3OXM	NA0820
3OT0	NA0821
3P6Y	NA0822
3PBX	NA0823
3PEW	NA0824
3PEY	NA0825
2XGP	NA0826
2XGQ	NA0827
3PF4	NA0828
3PF5	NA0829
3PDR	NA0830
2X6V	NA0835
3PML	NA0836
3PMN	NA0837
3PNC	NA0838
3PLA	NA0839
2XRO	NA0840
2WTY	NA0841
3PO2	NA0842
3POV	NA0843
3PIH	NA0844
3PGW	NA0851
3PKM	NA0852
3PO4	NA0853
3PO5	NA0854
3PTA	NA0855
3PT6	NA0856
3PVP	NA0857
3PVV	NA0858
3PKY	NA0859
3PTX	NA0860
3PU0	NA0861
3PU1	NA0862
3PU4	NA0863
3PA0	NA0864
3PR4	NA0865
3PR5	NA0866
3PIO	NA0867
3PIP	NA0868
3PZP	NA0870
3PV8	NA0871
3PX0	NA0872
3PX4	NA0873
3PX6	NA0874
3Q0L	NA0875
3Q0M	NA0876
3Q0N	NA0877
3Q0O	NA0878
3Q0P	NA0879
3Q0Q	NA0880
3Q0R	NA0881
3Q0S	NA0882
3PX7	NA0883
3PO3	NA0884
3Q05	NA0885
3Q06	NA0886
3Q61	NA0887
3PY8	NA0888
3P57	NA0889
3Q3D	NA0890
3Q0A	NA0891
2XD0	NA0892
2XDB	NA0893
2XDD	NA0894
3Q22	NA0895
3Q50	NA0896
3Q51	NA0897
3Q23	NA0898
3Q24	NA0899
3Q2T	NA0900
3Q0B	NA0901
3Q0C	NA0902
3Q0D	NA0903
3Q0F	NA0904
3Q5F	NA0905
3QBA	NA0908
3QG9	NA0909
3PVX	NA0910
3PW0	NA0911
3PW2	NA0912
3PW4	NA0913
3PW5	NA0914
3PW7	NA0915
3Q5C	NA0916
2XHI	NA0917
3Q8K	NA0918
3Q8L	NA0919
3Q8M	NA0920
3QCR	NA0921
3QFQ	NA0922
3QE9	NA0923
3QEA	NA0924
3QEB	NA0925
3QI5	NA0930
3QGB	NA0935
3QGC	NA0936
3QK4	NA0937
3QF8	NA0938
3QMB	NA0940
3QMC	NA0941
3QMD	NA0942
3Q8P	NA0943
3Q8Q	NA0944
3Q8R	NA0945
3Q8S	NA0946
3Q1M	NA0947
3Q1Q	NA0948
3QMG	NA0949
3QMH	NA0950
3QMI	NA0951
3QEI	NA0952
3QEP	NA0953
3QER	NA0954
3QES	NA0955
3QET	NA0956
3QEV	NA0957
3QEW	NA0958
3QEX	NA0959
3Q1R	NA0960
3QNN	NA0963
3QNO	NA0964
2X2Q	NA0965
3QJJ	NA0966
3QJL	NA0967
3QJP	NA0968
3AU6	NA0969
3QQY	NA0970
3QRF	NA0971
3QLP	NA0972
3QSU	NA0973
3QRP	NA0974
3QRQ	NA0975
3QRR	NA0976
3AUO	NA0978
2XXA	NA0979
3Q2Y	NA0980
3Q5P	NA0981
3Q5R	NA0982
3Q5S	NA0983
3QRN	NA0984
3AV1	NA0985
3AV2	NA0986
3QSC	NA0987
3QSF	NA0988
3QWS	NA1005
3QYM	NA1006
3QYN	NA1007
3Q3Z	NA1008
3QSV	NA1009
3QSY	NA1010
3QXR	NA1011
3QZ7	NA1012
3QZ8	NA1013
2Y35	NA1014
3R1H	NA1015
3R1L	NA1016
3R1C	NA1017
3R1D	NA1018
3R1E	NA1019
3R2C	NA1020
3R2D	NA1021
3QX3	NA1022
3R4F	NA1024
3AVT	NA1025
3AVU	NA1026
3AVV	NA1027
3AVW	NA1028
3AVX	NA1029
3AVY	NA1030
2XZL	NA1031
2XZO	NA1032
3R86	NA1035
3RA4	NA1037
3RA9	NA1038
3R8F	NA1039
3RA0	NA1040
3R7P	NA1041
2XNW	NA1042
2XNZ	NA1043
2XO0	NA1044
2XO1	NA1045
3RC8	NA1046
3RAQ	NA1051
3RAX	NA1052
3RB0	NA1053
3RB4	NA1054
3RBD	NA1055
3RBE	NA1056
3RB3	NA1057
3RB6	NA1058
3RAD	NA1059
3RAE	NA1060
3RAF	NA1061
3REH	NA1062
3REI	NA1063
3REJ	NA1064
3REK	NA1065
3REL	NA1066
3RH4	NA1067
3RH5	NA1068
3RH6	NA1069
3R9W	NA1070
3R9X	NA1071
3RER	NA1072
2Y9Z	NA1073
3QYX	NA1074
3R6R	NA1075
3RG5	NA1076
3RI4	NA1077
3RJE	NA1078
3RJF	NA1079
3RJG	NA1080
3RJH	NA1081
3RJI	NA1082
3RJJ	NA1083
3RJK	NA1084
3RMA	NA1087
3RMB	NA1088
3RMC	NA1089
3RMD	NA1090
3RMP	NA1091
3RN5	NA1092
3RN2	NA1093
3RNU	NA1094
3RKF	NA1095
3RKQ	NA1097
2XC6	NA1098
3RR8	NA1099
3RR7	NA1100
3RRG	NA1101
3RRH	NA1102
3RTJ	NA1103
3RTV	NA1104
3RW6	NA1110
3RWU	NA1111
2Y8W	NA1112
2Y8Y	NA1113
2Y9H	NA1114
3RZD	NA1115
3S14	NA1116
3S15	NA1117
3S16	NA1118
3S17	NA1119
3RZO	NA1120
3S1M	NA1121
3S1N	NA1122
3S1Q	NA1123
3S1R	NA1124
3S2D	NA1125
3S2H	NA1126
3S3M	NA1128
3S3N	NA1129
3S3O	NA1130
3AYW	NA1131
3S4P	NA1132
3RZG	NA1133
3RZH	NA1134
3RZJ	NA1135
3RZK	NA1136
3RZL	NA1137
3RZM	NA1138
3AZE	NA1140
3AZF	NA1141
3AZG	NA1142
3AZH	NA1143
3AZI	NA1144
3AZJ	NA1145
3AZK	NA1146
3AZL	NA1147
3AZM	NA1148
3AZN	NA1149
3S49	NA1150
2YJY	NA1151
3S8Q	NA1152
3S57	NA1153
3S5A	NA1154
3SAR	NA1155
3S6I	NA1156
3S7C	NA1157
3S8U	NA1159
3SAS	NA1160
3SAT	NA1161
3SAU	NA1162
3SAV	NA1163
3SAW	NA1164
3SBJ	NA1165
3NVK	NA1166
3SD8	NA1167
3SD3	NA1169
3SC8	NA1170
3SJ2	NA1171
3B0V	NA1172
3B0U	NA1173
3SI8	NA1176
3SIU	NA1177
3SIV	NA1178
3SKL	NA1179
3SKR	NA1180
3SKT	NA1181
3SKW	NA1182
3SKZ	NA1183
3SJM	NA1184
3SN2	NA1185
3SNP	NA1186
3S9H	NA1187
3SCX	NA1188
3SI6	NA1189
3SJJ	NA1190
3SNN	NA1191
3SLP	NA1194
3SM4	NA1195
3SLQ	NA1200
3SLM	NA1201
3SKI	NA1202
3SPY	NA1203
3SPZ	NA1204
3SQ0	NA1205
3SQ1	NA1206
3SQ2	NA1207
3SQ4	NA1208
3SQI	NA1211
3SQW	NA1212
3SQX	NA1213
3SUN	NA1214
3SUO	NA1215
3SUP	NA1216
3SUQ	NA1217
3SSC	NA1218
3SV3	NA1219
3SSF	NA1220
3SWM	NA1221
3SWP	NA1222
3SUH	NA1223
3SUX	NA1224
3SUY	NA1225
3SPD	NA1226
3SPL	NA1227
2XY5	NA1228
2XY6	NA1229
2XY7	NA1230
2Y1I	NA1231
2Y1J	NA1232
3S4G	NA1233
3SZQ	NA1234
3T3F	NA1235
3SSD	NA1237
3SSE	NA1238
3T1H	NA1239
3T4B	NA1240
3T1Y	NA1241
3SV4	NA1242
3SYZ	NA1244
3SZ2	NA1245
3T79	NA1246
3SZ5	NA1248
3T5E	NA1249
2XSL	NA1250
3SZX	NA1253
3T3N	NA1254
3T3O	NA1255
3T86	NA1256
3T5H	NA1257
3T5J	NA1258
3T5K	NA1259
3T5L	NA1260
3TAB	NA1261
3TAE	NA1262
3TAF	NA1263
3TCI	NA1264
3T8P	NA1266
3TED	NA1267
3T5N	NA1268
3T5Q	NA1269
3TD0	NA1270
3TD1	NA1271
3TAN	NA1272
3TAP	NA1273
3TAQ	NA1274
3TAR	NA1275
3THV	NA1276
3TI0	NA1277
2YIE	NA1278
2YIF	NA1279
3ZQL	NA1280
3T72	NA1281
3TAG	NA1282
3VH0	NA1283
2YDH	NA1284
2YGH	NA1285
3TFR	NA1287
3TFS	NA1288
3THW	NA1289
3THX	NA1290
3THY	NA1291
3THZ	NA1292
2XRZ	NA1293
3TMM	NA1294
3TQ1	NA1295
3TWH	NA1296
3TOK	NA1297
3TQ6	NA1298
3TRZ	NA1301
3TS0	NA1302
3TS2	NA1303
3TU4	NA1304
3U05	NA1305
3U08	NA1306
2XS2	NA1307
2XS5	NA1308
2XS7	NA1309
2XZF	NA1310
2XZU	NA1311
3U0U	NA1312
3TUP	NA1313
3TVB	NA1314
3TS8	NA1315
3U2E	NA1316
3TWM	NA1317
3U2N	NA1318
3TZR	NA1319
4A04	NA1320
3SYW	NA1321
3U3W	NA1322
3U3Y	NA1323
3U4M	NA1324
3U56	NA1325
3U44	NA1326
3U4Q	NA1327
4A2X	NA1328
4A36	NA1329
3U2B	NA1330
3U6C	NA1331
3U6D	NA1332
3U6E	NA1333
3U6L	NA1334
3U6O	NA1335
3U6P	NA1336
3U6M	NA1337
3U6Q	NA1338
3U6S	NA1339
3U38	NA1340
3U5Z	NA1341
3U60	NA1342
3U61	NA1343
3U58	NA1344
3U6Y	NA1346
3U7F	NA1348
2YKG	NA1349
3U7G	NA1350
3U7H	NA1351
3QOQ	NA1352
3U89	NA1354
3U6F	NA1355
3UBY	NA1356
3UCU	NA1365
3UCZ	NA1366
3UD3	NA1367
3UD4	NA1368
3UFD	NA1369
3UFJ	NA1370
3UBT	NA1371
3UGM	NA1372
3UGO	NA1373
3UGP	NA1374
3UDG	NA1375
3ZVM	NA1376
3ZVN	NA1377
4A3C	NA1378
3UIQ	NA1379
3UKG	NA1380
3VJR	NA1381
3UO7	NA1382
3UOB	NA1383
3VKE	NA1384
3VK7	NA1385
3VK8	NA1386
3UK3	NA1387
3UPQ	NA1388
4A08	NA1389
4A09	NA1390
4A0A	NA1391
4A0B	NA1392
3UBI	NA1401
3UPU	NA1402
3US0	NA1403
3US1	NA1404
3US2	NA1405
3UQ0	NA1406
3UQ2	NA1408
4A3B	NA1409
4A3D	NA1410
4A3E	NA1411
4A3F	NA1412
4A3J	NA1413
4A3K	NA1414
4A3L	NA1415
4A3M	NA1416
3UT9	NA1417
3UTA	NA1418
3UTB	NA1419
3UMY	NA1420
3UXP	NA1428
3ZVK	NA1435
4A0K	NA1436
4A0L	NA1437
4AA6	NA1438
3UVF	NA1447
3V21	NA1456
3V20	NA1457
3UYH	NA1463
3ULP	NA1472
3V6Y	NA1473
3V71	NA1474
3V74	NA1475
3UYB	NA1477
3V4I	NA1478
3V6D	NA1479
3V7J	NA1480
3V7K	NA1481
4ABT	NA1482
3V81	NA1483
3V6T	NA1484
3UZS	NA1485
3UZT	NA1486
3V11	NA1487
3V6H	NA1488
3V6J	NA1489
3V6K	NA1490
3ULD	NA1491
3ULM	NA1492
3ULN	NA1493
3ULO	NA1494
3UM4	NA1495
3V7E	NA1496
3V06	NA1502
3V07	NA1503
3V4R	NA1504
3V1Z	NA1505
3VAF	NA1506
3V72	NA1507
3VAG	NA1512
3VD0	NA1513
3VD1	NA1514
3VD2	NA1515
3UXW	NA1516
3UKB	NA1517
3UKC	NA1518
3UKE	NA1519
3V9S	NA1520
3V9U	NA1521
3V9W	NA1522
3V9X	NA1523
3V9Z	NA1524
3VA0	NA1525
3VA3	NA1526
3V9D	NA1531
3VAH	NA1532
3VAI	NA1533
3VAJ	NA1534
3VAK	NA1535
3VAL	NA1536
3VAM	NA1537
4DA4	NA1539
4D9X	NA1540
4D9Y	NA1542
3VD6	NA1543
3VEA	NA1544
3VEB	NA1545
4D8J	NA1546
3V79	NA1547
3VEK	NA1549
4DB2	NA1550
4DB4	NA1551
2YHM	NA1552
4DA3	NA1555
4DAQ	NA1556
3VNU	NA1562
3VNV	NA1563
4A15	NA1564
4DIH	NA1566
4DII	NA1567
4A3G	NA1568
3VOK	NA1569
4DFJ	NA1570
4DFK	NA1571
4DKJ	NA1572
4DL2	NA1573
4DL3	NA1574
4DL4	NA1575
4DL5	NA1576
4DL6	NA1577
4DKZ	NA1578
4DL7	NA1579
4DF8	NA1580
4DM0	NA1581
4DF4	NA1582
4DFM	NA1583
4DFP	NA1584
4DLE	NA1585
4DLG	NA1586
4DK9	NA1587
4DO9	NA1588
4DOA	NA1589
4DOB	NA1590
4DOC	NA1591
4DQI	NA1592
3VDY	NA1593
4DQY	NA1594
4DS4	NA1595
4DS5	NA1596
4DSE	NA1597
4DSF	NA1598
4DS6	NA1599
4DR1	NA1604
4DR2	NA1605
4DR3	NA1606
4DR4	NA1607
4DR5	NA1608
4DR6	NA1609
4DR7	NA1610
4DQP	NA1611
4DQQ	NA1612
4DQR	NA1613
4DQS	NA1614
4DUY	NA1615
4DUZ	NA1616
4DV0	NA1617
4DV1	NA1618
4DV2	NA1619
4DV3	NA1620
4DV4	NA1621
4DV5	NA1622
4DV6	NA1623
4DV7	NA1624
4DSL	NA1625
4DSK	NA1626
4DSJ	NA1627
4DSI	NA1628
4DTJ	NA1629
4DTM	NA1630
4DTN	NA1631
4DTO	NA1632
4DTP	NA1633
4DTX	NA1634
4DTU	NA1635
4DTS	NA1636
4DTR	NA1637
4DU1	NA1638
4DU3	NA1639
4DWI	NA1640
4AIL	NA1641
4DWA	NA1642
4DWY	NA1643
4E0D	NA1648
4DY8	NA1649
4DZS	NA1652
4E48	NA1655
4E5C	NA1656
4E1U	NA1657
4A93	NA1658
4E6B	NA1659
4E2R	NA1660
4E7J	NA1661
4E78	NA1662
4E7A	NA1663
4E68	NA1664
4E58	NA1665
4E8K	NA1666
4E8M	NA1667
4E8N	NA1668
4E8P	NA1669
4E8Q	NA1670
4E8R	NA1671
4E8T	NA1672
4E8V	NA1673
4E4O	NA1674
4E60	NA1675
4E7H	NA1678
4E7I	NA1679
4E7K	NA1680
4E7L	NA1681
4DU4	NA1684
4E3S	NA1686
4E9F	NA1687
4E9G	NA1688
4E9H	NA1689
4EA4	NA1690
4EA5	NA1691
4E7Y	NA1692
4E8S	NA1694
4E8X	NA1695
4E95	NA1696
4EBC	NA1697
4EBD	NA1698
4EBE	NA1699
4ECQ	NA1700
4ECR	NA1701
4ECS	NA1702
4ECT	NA1703
4ECU	NA1704
4ECV	NA1705
4ECW	NA1706
4ECX	NA1707
4ECY	NA1708
4ECZ	NA1709
4ED0	NA1710
4ED1	NA1711
4ED2	NA1712
4ED3	NA1713
4ED6	NA1714
4ED7	NA1715
4ED8	NA1716
4ED5	NA1717
4EEY	NA1718
3IRW	NA1719
4EFJ	NA1720
3ZQC	NA1723
4AM3	NA1724
4EGY	NA1725
4EGZ	NA1726
4EJY	NA1727
4EJZ	NA1728
4ER8	NA1729
4EN5	NA1730
4ENA	NA1731
4ENB	NA1732
4ENC	NA1733
3VRS	NA1734
4ELT	NA1735
4EOT	NA1736
4AAB	NA1737
4AAD	NA1738
4AAE	NA1739
4AAF	NA1740
4AAG	NA1741
4ELU	NA1742
4ELV	NA1743
4ESJ	NA1745
4ENJ	NA1750
4ENK	NA1751
4ENM	NA1752
4ENN	NA1753
4EJT	NA1754
4ERD	NA1755
4ERJ	NA1756
4ESV	NA1757
4AOB	NA1758
4EZ6	NA1759
4EZ9	NA1760
4ERL	NA1761
4EYA	NA1762
4F1H	NA1763
4F02	NA1764
4EUW	NA1765
4F1N	NA1766
4F5N	NA1767
4F5O	NA1768
4F5P	NA1769
4F5Q	NA1770
4F5R	NA1771
4F4N	NA1772
4F3T	NA1773
4EZ2	NA1774
4EVV	NA1775
4EW0	NA1776
4EW4	NA1777
4EYH	NA1778
4EYI	NA1779
4F2X	NA1780
4F2Y	NA1781
4F2J	NA1782
4F3O	NA1783
4F2S	NA1784
4F2R	NA1785
4F4K	NA1786
4F8R	NA1787
4F3U	NA1788
4F8G	NA1789
4F8I	NA1790
4F6M	NA1791
4F6N	NA1792
4F41	NA1798
4F43	NA1799
4FCY	NA1800
4F4W	NA1801
4F4X	NA1802
4F4Y	NA1803
4F4Z	NA1804
4F50	NA1805
4FAQ	NA1806
4FAR	NA1807
4FAU	NA1808
4FAW	NA1809
4FAX	NA1810
4FB0	NA1811
4FF1	NA1812
4FF2	NA1813
4FF3	NA1814
4FB3	NA1815
4FF4	NA1816
4F8U	NA1817
4F8V	NA1818
4AL5	NA1819
4AL6	NA1820
4AL7	NA1821
4AQ7	NA1822
4ARC	NA1823
4ARI	NA1824
4AS1	NA1825
4AV1	NA1826
4FBT	NA1827
4FBU	NA1828
4FGN	NA1830
4FE5	NA1833
4FEJ	NA1834
4FEL	NA1835
4FEN	NA1836
4FEO	NA1837
4FEP	NA1838
4DWP	NA1840
4E0G	NA1841
4E0J	NA1842
4E0P	NA1843
4E0Y	NA1844
4E0Z	NA1845
4E10	NA1846
4FJ5	NA1847
4FJ7	NA1848
4FJ8	NA1849
4FJ9	NA1850
4FJG	NA1851
4FJI	NA1852
4FJH	NA1853
4FJJ	NA1854
4FJK	NA1855
4FJL	NA1856
4FJM	NA1857
4FJN	NA1858
4FJX	NA1859
4FK0	NA1860
4FK2	NA1861
4FK4	NA1862
4FLT	NA1863
4FLU	NA1864
4FLV	NA1865
4FLW	NA1866
4FLX	NA1867
4FLY	NA1868
4FLZ	NA1869
4FM0	NA1870
4FM1	NA1871
4FM2	NA1872
4FNJ	NA1873
4FO6	NA1874
4FNC	NA1875
4FPV	NA1877
4FP6	NA1878
4FS5	NA1880
4FS6	NA1881
4A8F	NA1883
4A8K	NA1884
4A8M	NA1885
4A8Q	NA1886
4A8S	NA1887
4A8W	NA1888
4A8Y	NA1889
4AQU	NA1890
4AQX	NA1891
4FS1	NA1892
4FS2	NA1893
4FTH	NA1894
4FX4	NA1896
4FXM	NA1898
4E54	NA1899
4E5Z	NA1900
4AQY	NA1911
4FWT	NA1912
4G0F	NA1913
4FM9	NA1914
4FZX	NA1915
4FZY	NA1916
4FZZ	NA1917
4FRG	NA1918
4FRN	NA1919
4FXD	NA1920
4FYD	NA1921
4G0A	NA1922
4FSJ	NA1923
4FTB	NA1924
4FTE	NA1925
4FTS	NA1926
4G6P	NA1927
4G6R	NA1928
4G6S	NA1929
4G7H	NA1930
4G7O	NA1931
4G7Z	NA1932
4G0U	NA1933
4G0V	NA1934
4G0W	NA1935
4G4N	NA1936
4G4O	NA1937
4G4Q	NA1938
4G4R	NA1939
4FVU	NA1940
4G3I	NA1941
4G9Z	NA1950
4G0R	NA1957
4G82	NA1958
4G83	NA1959
4GC6	NA1960
4GC7	NA1961
4GHA	NA1962
4G92	NA1963
4GCK	NA1964
4GCL	NA1965
4GCT	NA1966
4GCW	NA1969
4GJU	NA1970
4GKJ	NA1971
4GHL	NA1972
4GDF	NA1973
4GKK	NA1974
4GL2	NA1975
3VW3	NA1976
4GLE	NA1982
4GG4	NA1983
4GLC	NA1984
4GLG	NA1985
4GLH	NA1986
4GJP	NA1987
4GJR	NA1988
4GFB	NA1989
3VWB	NA1990
4GFH	NA1991
4GNX	NA1992
4GOP	NA1993
4GUO	NA1999
4GUQ	NA2000
4A75	NA2001
4A76	NA2002
4ALP	NA2003
4GLX	NA2005
4GPX	NA2006
4GPY	NA2007
3VW4	NA2008
4AIJ	NA2009
4AIK	NA2010
4GZ0	NA2011
4GZ1	NA2012
4GZ2	NA2013
4GQD	NA2014
4GRE	NA2015
4GS2	NA2016
4GSG	NA2017
4GSI	NA2018
4GXK	NA2019
4GXJ	NA2020
4GXI	NA2021
4GMA	NA2022
4H0E	NA2023
4H5A	NA2024
4GXY	NA2025
4H5O	NA2026
4H5P	NA2027
4H5Q	NA2028
4A12	NA2031
4B3G	NA2032
4GZY	NA2034
4GZZ	NA2035
4GZN	NA2036
4H29	NA2037
4H10	NA2038
4H8K	NA2039
4ASO	NA2040
4ASS	NA2041
4AY2	NA2042
4BA2	NA2043
4HDU	NA2046
4HDV	NA2047
3VXV	NA2048
3VXX	NA2049
4BAC	NA2050
4GQJ	NA2051
4HF1	NA2052
4HF2	NA2053
4HC7	NA2054
4HC9	NA2055
4HCA	NA2056
3VYB	NA2057
3VYQ	NA2058
4HCB	NA2061
4HCC	NA2062
4B5F	NA2063
4B5G	NA2064
4B5H	NA2065
4B5I	NA2066
4B5J	NA2067
4B5M	NA2068
4HHT	NA2069
3VYX	NA2070
3VYY	NA2071
4HIG	NA2072
4HIF	NA2073
4HIV	NA2074
4HJA	NA2075
4HJ9	NA2076
4HJ8	NA2077
4HJ7	NA2078
4HJ5	NA2079
4HIO	NA2080
4HJE	NA2081
4HIM	NA2082
4HIK	NA2083
4HID	NA2084
4HN5	NA2085
4HN6	NA2086
4HKQ	NA2087
4HLY	NA2088
4HLI	NA2089
4BDY	NA2090
4BDZ	NA2091
4BE0	NA2092
4BE1	NA2093
4BE2	NA2094
4HOR	NA2095
4HOS	NA2096
4HOT	NA2097
4HQE	NA2098
4HQH	NA2099
4GPW	NA2100
4HSB	NA2101
4HRI	NA2102
4HQI	NA2104
4HUG	NA2105
4HUE	NA2106
4HUF	NA2107
4HTU	NA2108
4HP1	NA2109
4HP3	NA2110
4HT8	NA2111
4HT9	NA2112
4BBS	NA2113
4HQU	NA2114
4HQX	NA2115
4HQB	NA2119
4HT4	NA2120
4HYK	NA2121
4HW1	NA2122
3W1K	NA2124
4I1G	NA2127
4I27	NA2128
4I28	NA2129
4I29	NA2130
4I2A	NA2131
4I2B	NA2132
4I2C	NA2133
4I2E	NA2134
4I2F	NA2135
4I2G	NA2136
4I2H	NA2137
3W2A	NA2139
4I2O	NA2140
4I6Z	NA2146
3ZD4	NA2148
3ZD5	NA2149
4ATI	NA2150
4ATK	NA2151
4I8T	NA2152
4I67	NA2153
4I9Q	NA2155
4I7Y	NA2157
4IFD	NA2158
4ATO	NA2159
4IEM	NA2161
3W3C	NA2162
4IHV	NA2163
4IHW	NA2164
4IHX	NA2165
4IHY	NA2166
4AFY	NA2167
4B21	NA2168
4B22	NA2169
4B23	NA2170
4B24	NA2171
4IG8	NA2172
4IHS	NA2173
4IHT	NA2174
4IBU	NA2176
4IJ0	NA2177
3W3S	NA2178
4III	NA2179
4IBV	NA2180
4IBW	NA2181
4I3H	NA2183
4IO9	NA2184
4IOA	NA2185
4IOC	NA2186
4AGZ	NA2187
4AH0	NA2188
4AH1	NA2189
4B3O	NA2190
4B3P	NA2191
4B3Q	NA2192
4IQS	NA2193
4IR9	NA2194
4IKF	NA2195
4IRD	NA2196
4IRK	NA2197
4IRC	NA2198
4II9	NA2199
4IQX	NA2200
4IQV	NA2201
4IQW	NA2202
4ILL	NA2203
4ILM	NA2204
4JCX	NA2205
3ZC0	NA2206
4I9V	NA2207
4IR1	NA2208
4IQR	NA2209
4ITQ	NA2218
3ZGZ	NA2219
4AWL	NA2220
4B5R	NA2221
4ITD	NA2222
4IQJ	NA2223
4IRI	NA2224
4IS1	NA2225
4IUF	NA2226
4IX7	NA2227
4IZQ	NA2228
4J2E	NA2229
4J2B	NA2230
4J2A	NA2231
4J2X	NA2232
4J39	NA2233
4J2I	NA2234
4GV9	NA2235
4GV3	NA2236
4GV6	NA2237
4IVZ	NA2238
4J50	NA2239
4J5V	NA2243
4IWR	NA2245
4J1G	NA2246
4J1J	NA2247
1TN1	NA2248
4J19	NA2249
4J3N	NA2250
4J9K	NA2251
4J9L	NA2252
4J9M	NA2253
4J9N	NA2254
4J9O	NA2255
4J9P	NA2256
4J9Q	NA2257
4J9R	NA2258
4J9S	NA2259
4IJS	NA2260
4JAH	NA2261
4JAB	NA2262
4JBK	NA2263
4JBM	NA2264
4IZZ	NA2265
4J00	NA2266
4J01	NA2267
4ANG	NA2268
4J7M	NA2269
4J7L	NA2270
4JCY	NA2271
3W6V	NA2272
3ZKC	NA2273
3ZP5	NA2274
3ZP8	NA2275
4JD8	NA2276
4J8U	NA2277
4JI2	NA2278
4JI0	NA2279
4JI1	NA2280
4JI3	NA2281
4JI4	NA2282
4JI5	NA2283
4JI6	NA2284
4JI7	NA2285
4JI8	NA2286
4JJN	NA2287
4J8X	NA2288
4JGN	NA2290
4JK0	NA2291
4JL3	NA2292
4JNX	NA2293
4JNG	NA2295
4JF2	NA2296
4JGC	NA2297
4JIY	NA2298
4JQD	NA2299
4JRD	NA2300
4JV2	NA2304
4JV1	NA2305
4JV0	NA2306
4JUZ	NA2307
4JV5	NA2316
4JXZ	NA2317
4JXX	NA2318
4J8V	NA2319
4JWM	NA2320
4JWN	NA2321
4JRP	NA2322
4JRQ	NA2323
4JS4	NA2324
4JS5	NA2325
4JRC	NA2326
4JUO	NA2327
4JRT	NA2329
4JVH	NA2330
4JVY	NA2331
3ZJT	NA2332
3ZJU	NA2333
3ZJV	NA2334
4B20	NA2335
4B9L	NA2336
4B9M	NA2337
4B9N	NA2338
4B9S	NA2339
4B9T	NA2340
4B9U	NA2341
4B9V	NA2342
4K31	NA2343
4K32	NA2344
4K0K	NA2345
4K4S	NA2346
4K4T	NA2347
4K4U	NA2348
4K4V	NA2349
4K4W	NA2350
4K4X	NA2351
4K4Y	NA2352
4K4Z	NA2353
4K50	NA2354
3W96	NA2359
3W97	NA2360
3W98	NA2361
3W99	NA2362
4J8W	NA2366
4K27	NA2368
4BHH	NA2369
4K1G	NA2370
4JZU	NA2371
4JZV	NA2372
4K96	NA2373
4K97	NA2374
4K98	NA2375
4K99	NA2376
4K9A	NA2377
4K9B	NA2378
4KAZ	NA2379
4KB0	NA2380
4KB1	NA2381
3ZLA	NA2382
4KB6	NA2387
4KFC	NA2388
4KA4	NA2389
4KHQ	NA2390
4KHS	NA2391
4KHU	NA2392
4KHW	NA2393
4KHY	NA2394
4KI4	NA2395
4KI6	NA2396
4KHP	NA2397
4KIS	NA2398
4KLD	NA2399
4KLE	NA2400
4KLF	NA2401
4KLG	NA2402
4KLH	NA2403
4KLI	NA2404
4KLJ	NA2405
4KLL	NA2406
4KLM	NA2407
4KLO	NA2408
4KLQ	NA2410
4KLS	NA2411
4KLT	NA2412
4KLU	NA2413
3LDS	NA2414
4KI2	NA2415
3KFU	NA2416
4JYA	NA2417
4JYZ	NA2418
4KHN	NA2420
4E59	NA2423
4KMF	NA2424
4K8X	NA2425
4K8Z	NA2426
4J2D	NA2427
4K4G	NA2433
4K4H	NA2434
4K4I	NA2435
4KDP	NA2436
4KNY	NA2437
4KNQ	NA2442
4KQ0	NA2443
4KJI	NA2445
4KQY	NA2446
4KR6	NA2447
4KR7	NA2448
4KR9	NA2449
3WA9	NA2454
3WAA	NA2455
3WAZ	NA2457
4KR2	NA2458
4KR3	NA2459
4KGC	NA2460
4KRF	NA2461
4KRE	NA2462
3WBO	NA2464
4KPY	NA2465
4KTG	NA2469
4KZD	NA2470
4KZE	NA2471
4AUW	NA2472
4B8D	NA2473
4KWX	NA2478
4KW0	NA2479
4KYY	NA2480
4L0A	NA2481
4KVB	NA2482
4KUD	NA2483
3WBM	NA2484
4L0Y	NA2485
4L0Z	NA2486
4L18	NA2487
4KXT	NA2488
4BQA	NA2489
3WC1	NA2490
4L24	NA2491
4L25	NA2492
4L26	NA2493
3WC2	NA2494
4KOE	NA2496
4KPE	NA2497
4KPF	NA2498
4BPB	NA2499
4KZX	NA2500
4L8R	NA2501
4KZY	NA2502
4KZZ	NA2503
4BNC	NA2505
4LF4	NA2510
4LF5	NA2511
4LF6	NA2512
4LF7	NA2513
4LF8	NA2514
4LF9	NA2515
4LFA	NA2516
4LG7	NA2517
4LG2	NA2518
4LFB	NA2535
4LFC	NA2536
3ZDA	NA2539
3ZDB	NA2540
3ZDC	NA2541
3ZDD	NA2542
4KYW	NA2545
4L5K	NA2546
4L62	NA2547
3ZLJ	NA2548
3ZPL	NA2549
4L5R	NA2554
4L5S	NA2555
4L81	NA2556
4KZ2	NA2557
4LCK	NA2559
4LD9	NA2564
4L8H	NA2565
4LB5	NA2566
4LB6	NA2567
4LD0	NA2569
2YPA	NA2570
2YPB	NA2571
4LNQ	NA2586
4LDX	NA2587
4LEY	NA2588
4LEZ	NA2589
4LG0	NA2591
4LGT	NA2592
4LJ0	NA2593
4LVS	NA2594
4LJR	NA2595
4LLL	NA2598
4LLN	NA2599
4LMG	NA2600
4LMZ	NA2601
3ZD6	NA2602
3ZD7	NA2603
4B3M	NA2604
4B3R	NA2605
4B3S	NA2606
4B3T	NA2607
4BUL	NA2610
4LZ1	NA2611
4LZ4	NA2612
4LOX	NA2613
4LQ0	NA2614
4LTF	NA2615
4LTG	NA2616
4LTH	NA2617
4LTI	NA2618
4LTJ	NA2619
4LTK	NA2620
4LTL	NA2621
4LY2	NA2622
4M6D	NA2623
4LQ3	NA2624
4M4O	NA2625
4LT5	NA2626
3WFQ	NA2627
3WFR	NA2628
3WFS	NA2629
3WGI	NA2630
4LUP	NA2631
4LVV	NA2632
2YPF	NA2633
4BXO	NA2634
4LX5	NA2639
4LVW	NA2640
4LVX	NA2641
4LVY	NA2642
4LVZ	NA2643
4LW0	NA2644
4M2Y	NA2645
4M47	NA2646
4M94	NA2647
4M95	NA2648
4LZG	NA2649
4M04	NA2650
4M0A	NA2651
4M9G	NA2652
4M9H	NA2653
4M9J	NA2654
4M9L	NA2655
4M9N	NA2656
4MF2	NA2657
4MF8	NA2658
4MFA	NA2659
4MFC	NA2660
4MFF	NA2661
4M6F	NA2662
4LVI	NA2663
4LVJ	NA2664
4BXX	NA2665
4BY1	NA2666
4BY7	NA2667
4M3R	NA2668
4M3T	NA2669
4M3U	NA2670
4M3W	NA2671
4M3X	NA2672
4M3Y	NA2673
4M3Z	NA2674
4M41	NA2675
4M42	NA2676
4M45	NA2677
4LVK	NA2678
4M8O	NA2679
4LVL	NA2680
4LVM	NA2681
4LX6	NA2682
4M2Z	NA2683
4M30	NA2684
4M3I	NA2685
4M59	NA2686
4M8B	NA2687
4BWJ	NA2688
4BWM	NA2689
4M7A	NA2691
4M7D	NA2692
4MDE	NA2693
4MDF	NA2694
4MGU	NA2695
4M9E	NA2696
4M9V	NA2697
3ZH2	NA2698
4BOC	NA2699
4MCE	NA2700
4MCF	NA2701
4MDX	NA2702
4MEG	NA2703
4MEH	NA2704
4MNB	NA2705
4C5X	NA2706
4C63	NA2707
4C64	NA2708
4MGM	NA2709
4MGN	NA2710
4MG2	NA2711
4MGT	NA2712
4N2S	NA2714
4N2Q	NA2715
4MGW	NA2716
4MHG	NA2717
4MJ9	NA2718
4MKW	NA2719
4M3V	NA2722
4MKY	NA2723
4C2T	NA2725
4C2U	NA2726
4C30	NA2727
4BW0	NA2731
4C40	NA2732
3WKJ	NA2733
4MS5	NA2735
4MSB	NA2736
4N56	NA2737
4MS9	NA2738
4MSR	NA2739
4MTD	NA2740
4MTE	NA2741
4MZR	NA2742
4N5S	NA2743
4N0O	NA2744
4NDF	NA2746
4NDG	NA2747
4NDH	NA2748
4NDI	NA2749
4NI7	NA2750
4NI9	NA2751
4NGB	NA2753
4NGC	NA2754
4NGD	NA2755
4NGF	NA2756
4NGG	NA2757
4NH3	NA2758
4NH5	NA2759
4NH6	NA2760
4NHA	NA2761
4NID	NA2762
4NIG	NA2763
4NIH	NA2764
4NII	NA2765
4NHJ	NA2766
4C7O	NA2767
4C8Y	NA2768
4C8Z	NA2769
4NDY	NA2770
4NLK	NA2771
4NLN	NA2772
4NLZ	NA2773
4NM1	NA2774
4NM2	NA2775
4NE1	NA2776
4NKU	NA2777
4NL3	NA2778
4NLG	NA2779
4NM6	NA2780
4NLF	NA2781
4NMG	NA2782
4NFO	NA2783
4NFP	NA2784
4NFQ	NA2785
4N48	NA2786
4NIA	NA2789
4C8K	NA2790
4C8L	NA2791
4C8M	NA2792
4C8N	NA2793
4C8O	NA2794
4CCH	NA2795
4CGZ	NA2796
4NOD	NA2797
4NOE	NA2798
4NQA	NA2799
4NRW	NA2801
4N41	NA2802
4N47	NA2803
4N76	NA2804
4NCA	NA2805
4NCB	NA2806
4O3M	NA2807
3ZHM	NA2808
4NW3	NA2809
4O3N	NA2812
4O3O	NA2813
4O3P	NA2814
4O3Q	NA2815
4O3R	NA2816
4O3S	NA2817
4O5C	NA2818
4O5E	NA2819
4O5K	NA2820
4NXH	NA2821
4NXM	NA2822
4NXN	NA2823
4NXZ	NA2824
4NY8	NA2825
4NYA	NA2826
4NYB	NA2827
4NYC	NA2828
4NYD	NA2829
4NYG	NA2830
4N0T	NA2831
4O41	NA2832
4NNU	NA2834
4O0I	NA2835
4OCB	NA2855
4O6A	NA2856
4O8J	NA2857
3ZI5	NA2866
4O26	NA2867
4O9M	NA2868
4O5W	NA2869
4O5X	NA2870
4O5Y	NA2871
4O5Z	NA2872
4BHK	NA2873
4OLA	NA2874
4OLB	NA2875
4OCD	NA2876
3WPC	NA2877
3WPD	NA2878
3WPE	NA2879
3WPG	NA2880
3WPH	NA2881
3WPI	NA2882
4OE1	NA2883
4OFA	NA2884
4OFE	NA2885
4OIN	NA2886
4OIO	NA2887
4OFH	NA2888
4OIP	NA2889
4OIQ	NA2890
4OIR	NA2891
4OHY	NA2892
4OHZ	NA2893
4OI0	NA2894
4OI1	NA2895
4OMY	NA2896
4OKL	NA2897
4OO1	NA2898
4OL8	NA2899
4OLN	NA2900
4OND	NA2901
4OJI	NA2902
4OI7	NA2903
4OI8	NA2904
4OOG	NA2905
4OOR	NA2906
4OPJ	NA2907
4OPK	NA2908
4C4W	NA2909
4OO8	NA2910
4ON0	NA2911
4OPX	NA2912
4OQA	NA2913
4OQB	NA2914
4OQ8	NA2915
4OQ9	NA2916
3WQY	NA2917
3WQZ	NA2918
4OSL	NA2919
4OSM	NA2920
4OSQ	NA2921
4OSR	NA2922
4OSS	NA2923
4OST	NA2924
4OSV	NA2925
4OSW	NA2926
4OSZ	NA2927
4OT0	NA2928
4OT3	NA2929
4OTO	NA2930
4OSH	NA2931
4OSI	NA2932
4OSJ	NA2933
4OSK	NA2934
4OV7	NA2935
4OU6	NA2936
4OU7	NA2937
4OQU	NA2938
4POG	NA2940
4PPX	NA2941
4OAU	NA2942
3WRU	NA2943
4PQU	NA2944
4PQV	NA2945
4OAV	NA2946
4PR6	NA2947
4PRF	NA2948
4CEH	NA2949
4CEI	NA2950
4CEJ	NA2951
4PTF	NA2953
4PSO	NA2954
4PU3	NA2955
4PU4	NA2956
4A3I	NA2957
4PUQ	NA2958
4PUO	NA2959
4PW5	NA2960
4PW6	NA2961
4PW7	NA2962
4PWD	NA2963
4PWM	NA2964
4PXI	NA2966
4PZI	NA2967
4Q0R	NA2968
4Q0W	NA2969
4Q10	NA2970
4Q0Z	NA2971
4CSF	NA2972
4PY5	NA2974
4Q0B	NA2975
4PZQ	NA2976
4BHM	NA2979
4Q4Z	NA2980
4Q5S	NA2982
4Q43	NA2983
4Q44	NA2984
4Q45	NA2985
3WTP	NA2986
4Q5V	NA2987
4Q8E	NA2988
4Q8F	NA2989
4Q9Q	NA2990
4Q9R	NA2991
4QCB	NA2992
4QC7	NA2993
4QCL	NA2994
3WTS	NA2998
3WTT	NA2999
3WTU	NA3000
3WTV	NA3001
3WTW	NA3002
3WTX	NA3003
3WTY	NA3004
3WU1	NA3005
4CHU	NA3017
4CSA	NA3018
4QEI	NA3021
4CIS	NA3022
4QI2	NA3023
4QEO	NA3024
4QEN	NA3025
4QEP	NA3026
4UNO	NA3027
3WVG	NA3028
3WVH	NA3029
3WVI	NA3030
3WVK	NA3031
3WVP	NA3032
4QJU	NA3033
4D25	NA3034
4D26	NA3035
4QLN	NA3036
4QLM	NA3037
4QIK	NA3038
4QIL	NA3039
4QIO	NA3040
4QG3	NA3041
4QGU	NA3042
4QPX	NA3043
4CQN	NA3044
4QK8	NA3045
4QK9	NA3046
4QKA	NA3047
4QOZ	NA3048
4CJA	NA3050
4QKK	NA3051
4QNO	NA3052
4QJD	NA3053
4QJH	NA3054
4QLC	NA3055
4QM6	NA3057
4QM7	NA3058
4QQW	NA3059
4QQX	NA3060
4QQY	NA3061
4QQZ	NA3062
4QU6	NA3066
4QU7	NA3067
4UN3	NA3068
4UN4	NA3069
4UN5	NA3070
4QTJ	NA3071
4QTK	NA3072
4QWE	NA3074
4QWD	NA3075
4QWC	NA3076
4QWB	NA3077
4QWA	NA3078
4QW9	NA3079
4QW8	NA3081
4D1Q	NA3082
4QVC	NA3083
4QVD	NA3084
4QYZ	NA3085
4QTR	NA3107
4R0D	NA3108
4UUV	NA3109
4QZ8	NA3110
4QZ9	NA3111
4QZA	NA3112
4QZB	NA3113
4QZC	NA3114
4QZD	NA3115
4QZE	NA3116
4QZF	NA3117
4QZG	NA3118
4QZH	NA3119
4QZI	NA3120
4R22	NA3121
4R24	NA3122
4QPQ	NA3126
4QQB	NA3127
4QR9	NA3128
4R2A	NA3129
4R2C	NA3130
4R2D	NA3131
4R2E	NA3132
4R2P	NA3133
4R2Q	NA3134
4R2R	NA3135
4R2S	NA3136
4QVI	NA3138
4R28	NA3140
4R15	NA3141
4R4E	NA3142
4R3I	NA3143
4R44	NA3145
4R45	NA3146
4R47	NA3147
4R48	NA3148
4R49	NA3149
4R4A	NA3150
4R4D	NA3151
4R63	NA3152
4R64	NA3153
4R65	NA3154
4R66	NA3155
4R5P	NA3156
4R79	NA3157
4R6M	NA3158
4R55	NA3159
4R56	NA3160
4R8U	NA3161
4R89	NA3162
4R8A	NA3163
4R8P	NA3164
4RB1	NA3165
4RB3	NA3166
4RB2	NA3167
4RBO	NA3168
4RCJ	NA3171
4RBQ	NA3173
4RD5	NA3174
4RBY	NA3175
4RBZ	NA3176
4RC0	NA3177
4RDU	NA3178
4RE7	NA3179
4REA	NA3184
4RDM	NA3185
4REB	NA3186
4REC	NA3187
4RDX	NA3205
3WZI	NA3206
4RGE	NA3207
4RGF	NA3208
4RI8	NA3209
4RI9	NA3210
4RIC	NA3211
4RIB	NA3212
4R8J	NA3215
4RIM	NA3216
4RIP	NA3217
4RJ1	NA3218
4RHD	NA3224
4RKG	NA3252
4RKH	NA3253
4RKV	NA3254
4RIA	NA3255
4R8I	NA3256
4RNM	NA3257
4RNN	NA3258
4RNO	NA3259
4RNK	NA3260
4RO4	NA3261
4RNE	NA3262
4RO7	NA3263
4RO8	NA3264
4ROG	NA3265
4ROK	NA3266
4RON	NA3267
4ROO	NA3268
4RMO	NA3269
4ROY	NA3270
4ROZ	NA3271
4RP0	NA3272
4RP1	NA3273
4RP2	NA3274
4UYJ	NA3275
4UYK	NA3276
4ROE	NA3277
4ROD	NA3278
4ROC	NA3279
4RPX	NA3280
4RPY	NA3281
4RPZ	NA3282
4RQ0	NA3283
4RQ1	NA3284
4RQ2	NA3285
4RQ3	NA3286
4RQ4	NA3287
4RQ5	NA3289
4RQ6	NA3290
4RQ7	NA3291
4RQ8	NA3293
4RQE	NA3294
4RCM	NA3295
4RQF	NA3296
4RT2	NA3298
4RT3	NA3299
4CS1	NA3300
4RTJ	NA3301
4RTK	NA3302
4RTN	NA3303
4RTL	NA3304
4RTM	NA3305
4RTO	NA3306
4RTP	NA3307
4RTQ	NA3308
4RTR	NA3309
4RTS	NA3310
4RUM	NA3311
4RU9	NA3312
4RUA	NA3313
3X1L	NA3314
4RUC	NA3315
4RUL	NA3316
3X1S	NA3317
3X1T	NA3318
3X1U	NA3319
3X1V	NA3320
4UQG	NA3321
4RWN	NA3322
4RWO	NA3323
4RWP	NA3324
4D6N	NA3326
4D6O	NA3327
4UN7	NA3328
4UN8	NA3329
4UNA	NA3330
4UNB	NA3331
4UNC	NA3332
4UT0	NA3333
4RZD	NA3334
4RZR	NA3335
4S04	NA3336
4S05	NA3337
4S0N	NA3346
4RZN	NA3347
4S0H	NA3348
4S20	NA3351
4S2Q	NA3352
4UX5	NA3353
4S2X	NA3354
4S2Y	NA3355
4CN2	NA3356
4CN3	NA3357
4CN5	NA3358
4CN7	NA3359
4CYC	NA3360
4UUS	NA3361
4S3N	NA3362
4USG	NA3363
4UMK	NA3364
4UZB	NA3365
5AMQ	NA3366
5AMR	NA3367
5AK9	NA3368
5AKF	NA3369
5AKM	NA3370
5AKN	NA3371
5A39	NA3372
5A3D	NA3373
4UQM	NA3374
5A0T	NA3375
5A0V	NA3376
5A72	NA3377
5A74	NA3378
5A77	NA3379
5A78	NA3380
5AOX	NA3381
5AOR	NA3382
5FMZ	NA3383
5FLV	NA3385
5AH5	NA3386
5FVC	NA3390
5FQ5	NA3391
1AOI	PD0001
1A73	PD0002
1CRX	PD0003
1DDN	PD0004
2HMI	PD0005
3PVI	PD0006
9ANT	PD0007
1A6Y	PD0008
1BNK	PD0009
1BGB	PD0010
2PVI	PD0011
1BNZ	PD0012
1RV5	PD0013
2KFN	PD0014
2KFZ	PD0015
3HDD	PD0016
7MHT	PD0017
8MHT	PD0018
9MHT	PD0019
1BC8	PD0020
3ORC	PD0022
1RTD	PD0023
1B3T	PD0024
1BDV	PD0025
1BP7	PD0026
1BC7	PD0027
1BG1	PD0028
2BAM	PD0029
2KTQ	PD0030
3BAM	PD0031
3KTQ	PD0032
4KTQ	PD0033
10MH	PD0034
1BDT	PD0035
1B94	PD0037
1B95	PD0038
1B96	PD0039
1B97	PD0040
4SKN	PD0041
1B8I	PD0042
2PJR	PD0043
3PJR	PD0044
1CF7	PD0045
1CIT	PD0046
4CRX	PD0047
5CRX	PD0048
1CKQ	PD0049
6PAX	PD0050
1CKT	PD0051
1SSP	PD0052
2SSP	PD0053
1CL8	PD0054
1QPS	PD0055
1QPZ	PD0056
1QP0	PD0057
1QP4	PD0058
1QP7	PD0059
1QQA	PD0060
1QQB	PD0061
1QRH	PD0062
1QRI	PD0063
1QSL	PD0064
1QSY	PD0065
1QSS	PD0066
1QTM	PD0067
1QUM	PD0068
1C0W	PD0069
1D3U	PD0070
1BY4	PD0071
1D8Y	PD0072
3HTS	PD0073
1OTC	PD0074
1B72	PD0075
2IRF	PD0076
1D5Y	PD0078
1CLQ	PD0079
1D9F	PD0080
1DC1	PD0085
1CEZ	PD0086
2UP1	PD0087
1BF4	PD0088
1HWT	PD0089
2HAP	PD0090
1B01	PD0091
1CQT	PD0092
1DE8	PD0093
1DE9	PD0094
1DEW	PD0095
1CYQ	PD0096
1CZ0	PD0097
1BDX	PD0098
1DIZ	PD0099
1CW0	PD0100
1DFM	PD0101
1DH3	PD0102
2CRX	PD0103
3CRX	PD0104
2KZM	PD0105
2KZZ	PD0106
1REP	PD0107
1DMU	PD0108
1ZAY	PD0109
1QRV	PD0110
1DP7	PD0111
1C9B	PD0112
1DRG	PD0113
1DU0	PD0114
1DSZ	PD0115
1DUX	PD0116
1EBM	PD0117
1EFA	PD0118
1CA5	PD0119
1CA6	PD0120
1EGW	PD0121
1QPI	PD0122
1EJ9	PD0125
1QAI	PD0126
1EMH	PD0127
1EMJ	PD0128
1EO3	PD0129
1EO4	PD0130
1EON	PD0131
1EOO	PD0132
1EOP	PD0133
1QAJ	PD0134
1D0E	PD0135
1C7Y	PD0136
1EQZ	PD0137
1ESG	PD0139
1EVW	PD0140
1EWN	PD0141
1EWQ	PD0142
1C8C	PD0143
1EYG	PD0144
1EXI	PD0145
1EXJ	PD0146
1EYU	PD0147
1QP9	PD0148
1F0O	PD0149
1F0V	PD0150
1D02	PD0151
1D1U	PD0152
1D2I	PD0153
1QN4	PD0154
1QN5	PD0155
1QN6	PD0156
1QN7	PD0157
1QN8	PD0158
1QN9	PD0159
1QNA	PD0160
1QNB	PD0161
1QNC	PD0162
1QNE	PD0163
1QN3	PD0164
1F2I	PD0165
1F44	PD0166
1F4K	PD0167
1F4R	PD0168
1F5T	PD0170
1F66	PD0171
1F6O	PD0172
1MJ2	PD0173
1FIU	PD0177
1FLO	PD0178
1FN7	PD0179
1GD2	PD0180
1FW6	PD0181
1FYK	PD0182
1FYL	PD0183
1FYM	PD0184
1FZP	PD0185
1G2D	PD0186
1G2F	PD0187
1G38	PD0188
1G9Y	PD0189
1G9Z	PD0190
1GA5	PD0191
1HLV	PD0192
1HLZ	PD0193
1FJX	PD0194
1HU0	PD0195
1HUO	PD0196
1HUZ	PD0197
1IO4	PD0198
1HW2	PD0199
1I3J	PD0200
1E3M	PD0201
1I6J	PD0202
1I7D	PD0203
1HJB	PD0204
1HJC	PD0205
1I8M	PD0206
1IAW	PD0207
1IC8	PD0208
1ID3	PD0209
1H9D	PD0210
1IG7	PD0211
1IG9	PD0212
1IJW	PD0213
1IMH	PD0214
1J75	PD0215
1HHT	PD0216
1HI0	PD0217
1JB7	PD0218
1JE8	PD0219
1JEY	PD0220
1JFI	PD0221
1GJI	PD0222
1JFS	PD0223
1JFT	PD0224
1E3O	PD0225
1JH9	PD0226
1JJ4	PD0227
1JJ6	PD0228
1JJ8	PD0229
1JK1	PD0230
1JK2	PD0231
1H9T	PD0232
1HBX	PD0233
1JKO	PD0234
1JKP	PD0235
1JKQ	PD0236
1JKR	PD0237
1JNM	PD0241
1RNB	PD0242
1MHD	PD0243
1MJM	PD0245
1MJO	PD0246
1MJP	PD0247
1MJQ	PD0248
1JT0	PD0249
1JWL	PD0250
1JX4	PD0251
1JXL	PD0252
1K3W	PD0253
1K3X	PD0254
1K4S	PD0255
1K4T	PD0256
1K61	PD0257
1K6O	PD0258
1K78	PD0259
1K79	PD0260
1K7A	PD0261
1K82	PD0264
1K8G	PD0266
1GM5	PD0267
1KB2	PD0268
1KB4	PD0269
1KB6	PD0270
1KBU	PD0271
1KC6	PD0272
1HF0	PD0274
1KDH	PD0275
1KEG	PD0276
1KFV	PD0277
1KIX	PD0278
1KSX	PD0282
1KSY	PD0283
1KU7	PD0284
1KX3	PD0285
1KX4	PD0286
1KX5	PD0287
1H88	PD0288
1H89	PD0289
1H8A	PD0290
2PLY	PD0291
1L1T	PD0292
1L1Z	PD0293
1L2B	PD0294
1L2C	PD0295
1L2D	PD0296
1IU3	PD0297
1L3L	PD0298
1J59	PD0299
1L3S	PD0300
1L3T	PD0301
1L3U	PD0302
1L3V	PD0303
1L5U	PD0304
1L9Z	PD0305
1LB2	PD0306
1LE5	PD0307
1LE8	PD0308
1LE9	PD0309
1LEI	PD0310
1H6F	PD0311
1LLM	PD0312
1LPQ	PD0313
1LQ1	PD0314
1LRR	PD0315
1J5O	PD0316
1LV5	PD0317
1LWS	PD0319
1LWT	PD0320
1LWV	PD0321
1LWW	PD0322
1LWY	PD0323
1M06	PD0325
1M07	PD0326
1M0E	PD0327
1M18	PD0328
1M19	PD0329
1M1A	PD0330
1M3H	PD0331
1M3Q	PD0332
1IXY	PD0333
1M5R	PD0334
1M5X	PD0335
1M6X	PD0336
1MA7	PD0337
1MDM	PD0338
1MJE	PD0339
1MM8	PD0340
1MNN	PD0341
1MOW	PD0342
1MQ2	PD0343
1MQ3	PD0344
1MSW	PD0345
1MTL	PD0346
1MUH	PD0347
1MUS	PD0350
1MW8	PD0352
1MWI	PD0353
1MWJ	PD0354
1N3A	PD0355
1N3C	PD0356
1N39	PD0357
1N48	PD0358
1N4L	PD0359
1N3E	PD0360
1N3F	PD0361
1N56	PD0362
1N6J	PD0363
1N6Q	PD0364
1N5Y	PD0365
1NG9	PD0367
1NGM	PD0368
1NH2	PD0369
1NH3	PD0370
1J1V	PD0371
1NJW	PD0372
1NJX	PD0373
1NJY	PD0374
1NJZ	PD0375
1NK0	PD0376
1NK4	PD0377
1NK5	PD0378
1NK6	PD0379
1NK7	PD0380
1NK8	PD0381
1NK9	PD0382
1NKB	PD0383
1NKC	PD0384
1NKE	PD0385
1NKP	PD0386
1NLW	PD0387
1NNE	PD0388
1NNJ	PD0389
1J3E	PD0390
1NOP	PD0391
1NZB	PD0392
1NVP	PD0393
1OMH	PD0394
1NWQ	PD0395
1ORN	PD0396
1ORP	PD0397
1O3Q	PD0398
1O3R	PD0399
1O3S	PD0400
1O3T	PD0401
1OSB	PD0402
1OUP	PD0403
1OUQ	PD0404
1OUZ	PD0405
1OWF	PD0406
1OWG	PD0407
1OWR	PD0408
1OZJ	PD0409
1P34	PD0413
1P3A	PD0414
1P3B	PD0415
1P3F	PD0416
1P3G	PD0417
1P3I	PD0418
1P3K	PD0419
1P3L	PD0420
1P3M	PD0421
1P3O	PD0422
1P3P	PD0423
1P47	PD0424
1P4E	PD0425
1P51	PD0426
1P59	PD0427
1P7D	PD0428
1P7H	PD0429
1P71	PD0430
1P78	PD0431
1P5W	PD0432
1P8K	PD0433
1PA6	PD0434
1PH1	PD0435
1PH2	PD0436
1PH3	PD0437
1PH4	PD0438
1PH5	PD0439
1PH6	PD0440
1PH7	PD0441
1PH8	PD0442
1PH9	PD0443
1PHJ	PD0444
1PGZ	PD0445
1PJI	PD0446
1PJJ	PD0447
1PM5	PD0448
1PO6	PD0451
1PP7	PD0452
1PP8	PD0453
1PT3	PD0454
1PUF	PD0455
1PV4	PD0456
1PVP	PD0457
1PVQ	PD0458
1PVR	PD0459
1Q0T	PD0460
1Q3F	PD0461
1Q3U	PD0462
1Q3V	PD0463
1PZU	PD0464
1Q9X	PD0465
1Q9Y	PD0466
1QX0	PD0467
1QZG	PD0468
1QZH	PD0469
1R0N	PD0470
1R0O	PD0471
1R0A	PD0472
1R2Y	PD0473
1R2Z	PD0474
1R4O	PD0475
1R4R	PD0476
1R49	PD0477
1R4I	PD0478
1EA4	PD0479
1R71	PD0480
1R7M	PD0481
1R8D	PD0482
1R8E	PD0483
1RB8	PD0484
1RFF	PD0485
1RFI	PD0486
1RG1	PD0487
1RG2	PD0488
1RGT	PD0489
1RGU	PD0490
1RH0	PD0491
1RIO	PD0492
1RC8	PD0493
1RH6	PD0494
1RRQ	PD0495
1RRS	PD0496
1RR8	PD0498
1RPZ	PD0499
1RRC	PD0500
1RXV	PD0501
1RXW	PD0502
1RZT	PD0503
1RYR	PD0504
1RYS	PD0505
1RZ9	PD0506
1RZR	PD0507
1S0M	PD0508
1S0N	PD0509
1S0O	PD0510
1S10	PD0511
1RRJ	PD0512
1S32	PD0514
1SA3	PD0515
1S97	PD0516
1S6M	PD0517
1SAX	PD0518
1S9K	PD0519
1SFU	PD0520
1SC7	PD0521
1SKR	PD0522
1SKS	PD0523
1SKW	PD0524
1SL0	PD0525
1SL1	PD0526
1SL2	PD0527
1SKM	PD0528
1STX	PD0529
1SUZ	PD0530
1SX5	PD0531
1SX8	PD0532
1SXP	PD0533
1SXQ	PD0534
1S9F	PD0535
1T03	PD0536
1T05	PD0537
1T2T	PD0538
1SEU	PD0539
1T2K	PD0540
1T38	PD0541
1T39	PD0542
1T3N	PD0543
1WD0	PD0544
1WD1	PD0545
1T8E	PD0546
1T9I	PD0547
1T9J	PD0548
1T8I	PD0549
1EHL	PD0550
1TDZ	PD0551
1TEZ	PD0552
1TTU	PD0553
1TK0	PD0554
1TK5	PD0555
1TK8	PD0556
1TKD	PD0557
1TQE	PD0558
1RM1	PD0559
1TL8	PD0560
1U0C	PD0561
1U0D	PD0562
1TV9	PD0563
1TVA	PD0564
1TW8	PD0565
1U35	PD0566
1U1K	PD0567
1U1L	PD0568
1U1M	PD0569
1U1N	PD0570
1U1O	PD0571
1U1P	PD0572
1U1Q	PD0573
1U1R	PD0574
1U3E	PD0575
1U78	PD0576
1TX3	PD0577
1U8R	PD0578
1U45	PD0579
1U47	PD0580
1U48	PD0581
1U49	PD0582
1U4B	PD0583
1U8B	PD0584
1UA0	PD0585
1UA1	PD0586
1X9N	PD0587
1X9M	PD0589
1X9S	PD0590
1X9W	PD0591
1XC8	PD0592
1XC9	PD0593
1XHU	PD0594
1XHV	PD0595
1XF2	PD0596
1XJV	PD0597
1XSD	PD0598
1XHZ	PD0599
1XNS	PD0600
1XO0	PD0601
1XPX	PD0602
1XI1	PD0603
1XSL	PD0604
1XSN	PD0605
1XSP	PD0606
1XYI	PD0607
1WTE	PD0608
1WTO	PD0609
1WTP	PD0610
1WTQ	PD0611
1WTR	PD0612
1WTV	PD0613
1WTW	PD0614
1WTX	PD0615
1Y6F	PD0616
1Y6G	PD0617
1Y8Z	PD0618
1WVL	PD0619
1YA6	PD0620
1YFI	PD0621
1YF3	PD0622
1YFJ	PD0623
1YFL	PD0624
1YFH	PD0625
1YNW	PD0626
1YO5	PD0627
1YQK	PD0629
1YQL	PD0630
1YQM	PD0631
1YQR	PD0632
1Z1C	PD0633
1VRL	PD0634
1Z19	PD0635
1Z1B	PD0636
1Z1G	PD0637
1Z63	PD0638
1ZBB	PD0639
1UUT	PD0640
1Z9C	PD0644
1ZG1	PD0645
1ZG5	PD0646
1ZET	PD0647
1ZLK	PD0651
1GU4	PD0652
1GU5	PD0653
1H0M	PD0654
1ZNS	PD0657
1ODH	PD0660
1OH5	PD0661
1OH6	PD0662
1OH7	PD0663
1OH8	PD0664
1ZR2	PD0665
1ZJM	PD0666
1ZJN	PD0667
1ZLA	PD0668
1ZM5	PD0669
1ZRC	PD0670
1ZRD	PD0671
1ZRE	PD0672
1ZRF	PD0673
1ZR4	PD0674
1ZTG	PD0675
2CV5	PD0676
1VRR	PD0677
1ZTT	PD0678
1ZTW	PD0679
1ZZI	PD0680
1ZZJ	PD0681
1ZVV	PD0684
1ZX4	PD0685
1ZYQ	PD0686
1ZS4	PD0687
2A0I	PD0688
2A07	PD0689
2A3V	PD0690
2A66	PD0691
2AC0	PD0692
2ACJ	PD0693
2ADY	PD0694
2A6O	PD0695
2AHI	PD0696
2AGO	PD0697
2AGP	PD0698
2AGQ	PD0699
2ALZ	PD0700
2AJQ	PD0702
2AOQ	PD0703
2AOR	PD0704
2ATA	PD0705
2AQ4	PD0706
2AS5	PD0707
2ASD	PD0708
2ASJ	PD0709
2ASL	PD0710
2ATL	PD0711
2AU0	PD0712
2B0D	PD0713
2B0E	PD0714
2AXY	PD0715
2AYB	PD0716
2AYG	PD0717
2D45	PD0718
2B9S	PD0719
2BCQ	PD0721
2BCR	PD0722
2BCS	PD0723
2BCU	PD0724
2BCV	PD0725
2ES2	PD0726
2ETW	PD0727
2EUV	PD0728
2EUW	PD0729
2EUX	PD0730
2EUZ	PD0731
2EVF	PD0732
2EVG	PD0733
2EVH	PD0734
2EVI	PD0735
2EVJ	PD0736
2EWJ	PD0737
2EX5	PD0738
2D5V	PD0739
2ER8	PD0740
2ERE	PD0741
2ERG	PD0742
2EZV	PD0743
2F03	PD0744
2F55	PD0745
2D7D	PD0746
2FCC	PD0747
2F5N	PD0749
2F5O	PD0750
2F5P	PD0751
2F5Q	PD0752
2F5S	PD0753
2F8X	PD0754
2FJ7	PD0755
2FJV	PD0756
2FJW	PD0757
2FJX	PD0758
2FO1	PD0759
2FKC	PD0760
2FKH	PD0761
2FL3	PD0762
2FLC	PD0763
2F8N	PD0764
2FLD	PD0765
2FDC	PD0766
2FD8	PD0767
2FDF	PD0768
2FDG	PD0769
2FDH	PD0770
2FDI	PD0771
2FDK	PD0772
2DDG	PD0773
2FMP	PD0774
2FMQ	PD0775
2FMS	PD0776
2FLL	PD0777
2FLN	PD0778
2FLP	PD0779
2FIO	PD0780
2FVP	PD0781
2FVQ	PD0782
2FVR	PD0783
2FVS	PD0784
2FR4	PD0785
2DEM	PD0786
2G1P	PD0787
1GTW	PD0788
2GE5	PD0790
2GEQ	PD0791
2GIE	PD0792
2GIG	PD0793
2GIH	PD0794
2GII	PD0795
2GIJ	PD0796
2GM4	PD0797
2C5R	PD0798
2BZF	PD0799
1W7A	PD0800
1W0T	PD0801
1W0U	PD0802
2DP6	PD0803
2DPD	PD0804
2DPJ	PD0805
2GWS	PD0806
2DPI	PD0807
2GXA	PD0808
2DPU	PD0809
2H1K	PD0810
2FQZ	PD0811
2GB7	PD0812
2H27	PD0813
2H1O	PD0814
2H7F	PD0816
2H7G	PD0817
2H7H	PD0818
2H8C	PD0819
2H8R	PD0820
2HAX	PD0821
2HAN	PD0822
2HEO	PD0823
2HHQ	PD0824
2HHS	PD0825
2HHT	PD0826
2HHU	PD0827
2HHV	PD0828
2HHW	PD0829
2HHX	PD0830
1WBB	PD0832
2BNZ	PD0833
1WBD	PD0834
1WB9	PD0835
2BNW	PD0836
2DTU	PD0837
2HOF	PD0838
2HOI	PD0839
2HOS	PD0840
2HOT	PD0841
2HR1	PD0842
2HT0	PD0843
2HVH	PD0844
2HVI	PD0845
2HW3	PD0846
2HZV	PD0847
2I05	PD0848
2I06	PD0849
2I0Q	PD0850
2I13	PD0851
2CDM	PD0852
2I3P	PD0853
2I3Q	PD0854
2DWL	PD0855
2DWM	PD0856
2I5S	PD0858
2BSQ	PD0859
2I9K	PD0862
2C7A	PD0863
2DY4	PD0864
2I9G	PD0865
2I9T	PD0866
2IBS	PD0867
2IBT	PD0868
2IA6	PD0869
2IBK	PD0870
2CCZ	PD0871
2IEF	PD0872
2I5W	PD0873
2IHN	PD0874
2IH2	PD0875
2IH4	PD0876
2IH5	PD0877
2IIE	PD0878
2IIF	PD0879
2IHM	PD0880
2IMW	PD0881
2ITL	PD0882
2NL8	PD0883
2ISZ	PD0884
2IT0	PD0885
2ISO	PD0886
2ISP	PD0887
2NNY	PD0888
2E1C	PD0889
2NMV	PD0890
2NOB	PD0891
2NOE	PD0892
2NOF	PD0893
2NOH	PD0894
2NOI	PD0895
2NOL	PD0896
2NOZ	PD0897
2IS1	PD0898
2IS2	PD0899
2IS4	PD0900
2IS6	PD0901
2NQ9	PD0902
2NP2	PD0903
2NP6	PD0904
2NP7	PD0905
2NQJ	PD0906
2NRA	PD0907
2NTC	PD0908
2NTZ	PD0909
2J6S	PD0910
2J6T	PD0911
2J6U	PD0912
2NZD	PD0913
2NQB	PD0914
2O19	PD0915
1W36	PD0920
2BGW	PD0921
2BQ3	PD0922
2BQR	PD0923
2BQU	PD0924
2BR0	PD0925
2C22	PD0926
2C28	PD0927
2C2D	PD0928
2C2E	PD0929
2C2R	PD0930
2C62	PD0931
2C6Y	PD0932
2C7O	PD0933
2C7P	PD0934
2C7Q	PD0935
2C7R	PD0936
2C9L	PD0937
2C9N	PD0938
2CAX	PD0939
2O54	PD0940
2O59	PD0941
2O5C	PD0942
2O5E	PD0943
2E42	PD0944
2E43	PD0945
2O49	PD0946
2O4A	PD0947
2O4I	PD0948
2O6G	PD0949
2O6M	PD0950
2O8B	PD0951
2O8C	PD0952
2O8D	PD0953
2O8E	PD0954
2O8F	PD0955
2E52	PD0956
2O93	PD0957
2OAA	PD0958
2OA8	PD0959
2OFI	PD0960
2OG0	PD0961
2OH2	PD0962
2O61	PD0963
2ODI	PD0965
2OK0	PD0966
2EA0	PD0968
2OPF	PD0969
2OQ4	PD0970
2IVH	PD0971
2OST	PD0972
2OXM	PD0973
2OXV	PD0974
2EFW	PD0975
2P0J	PD0976
2P2R	PD0977
2OWO	PD0978
2OYQ	PD0979
2OYT	PD0980
2OZM	PD0981
2P5L	PD0982
2P66	PD0983
2P6R	PD0984
2P5O	PD0985
2JEF	PD0986
2JEG	PD0987
2JEJ	PD0988
2PFN	PD0989
2PFO	PD0990
2PFP	PD0991
2PFQ	PD0992
2YVH	PD0993
2OZS	PD0994
2P5G	PD0995
2PFJ	PD0996
2JEI	PD0997
2UVR	PD0998
2UVU	PD0999
2UVV	PD1000
2UVW	PD1001
2PQU	PD1002
2PYO	PD1003
2PI4	PD1004
2PI5	PD1005
2Q10	PD1006
2Q2K	PD1007
2PXI	PD1008
2PI0	PD1009
2PY5	PD1010
2PYJ	PD1011
2PYL	PD1012
2PZS	PD1013
2Z3X	PD1014
2Q2T	PD1017
2Q2U	PD1018
2PRT	PD1019
2QHB	PD1020
2QFJ	PD1021
2QBY	PD1022
2Z6A	PD1023
2Z6Q	PD1024
2Z6U	PD1025
2QSG	PD1026
2QSH	PD1027
2Z70	PD1028
2QOJ	PD1029
2R2R	PD1030
2R2S	PD1031
2R2T	PD1032
2R2U	PD1033
2QNC	PD1034
2QNF	PD1035
2R0Q	PD1036
2R1J	PD1037
2R8K	PD1038
2R8G	PD1039
2R8H	PD1040
2R8I	PD1041
2Z9O	PD1042
2R8J	PD1043
2RDJ	PD1044
3B39	PD1045
3B6F	PD1046
3B6G	PD1047
2ZCJ	PD1048
2R9L	PD1049
2RGR	PD1050
3BJY	PD1051
2RBF	PD1052
3BDN	PD1053
3BEP	PD1054
3BIE	PD1055
2RBA	PD1056
3BS1	PD1057
3BI3	PD1059
3BKZ	PD1060
3BM3	PD1062
3BQ0	PD1063
3BQ1	PD1064
3BQ2	PD1065
3BRD	PD1067
3BRF	PD1068
3BRG	PD1069
3BTX	PD1070
2R5Y	PD1071
2R5Z	PD1072
3BU0	PD1073
3BUC	PD1074
3C0W	PD1075
3C0X	PD1076
3C1B	PD1077
3C1C	PD1078
3C2L	PD1079
3C2I	PD1080
3C28	PD1081
3C29	PD1082
3C2P	PD1083
3C3L	PD1084
3C46	PD1086
3C2K	PD1088
3C5F	PD1089
3C2M	PD1090
2ZHG	PD1091
3C58	PD1092
2PE5	PD1093
3CBB	PD1094
3CLC	PD1095
2ZKD	PD1096
2ZKE	PD1097
2ZKF	PD1098
3CLZ	PD1099
3CMY	PD1100
3COQ	PD1101
3CO6	PD1102
3CO7	PD1103
3COA	PD1104
3CFP	PD1105
3CFR	PD1106
3CMT	PD1107
3CMU	PD1108
3CMW	PD1109
3CMX	PD1110
3CQ8	PD1111
3CVU	PD1116
3CVV	PD1117
3CVW	PD1118
3CVX	PD1119
3CVY	PD1120
3CVS	PD1122
3CVT	PD1123
3CW7	PD1124
3CWA	PD1125
3CWS	PD1126
3CWT	PD1127
3BTY	PD1129
3BTZ	PD1130
3C25	PD1131
2ZO0	PD1133
2ZO1	PD1134
2ZO2	PD1135
3D1N	PD1136
3D0A	PD1137
3D2W	PD1138
3D0P	PD1139
3C5G	PD1141
3CWU	PD1142
3D6Y	PD1143
3D6Z	PD1144
3D70	PD1145
3D71	PD1146
3D4V	PD1147
3DFX	PD1148
3DFV	PD1149
2QL2	PD1152
3DLB	PD1153
3DNV	PD1154
3DLH	PD1155
3DPG	PD1157
3DO7	PD1158
3DSC	PD1159
3DSD	PD1160
3DVO	PD1161
3DW9	PD1162
3DZY	PD1163
3DZU	PD1164
3E00	PD1165
3E0D	PD1166
3E3Y	PD1168
3E40	PD1169
3E41	PD1170
3E42	PD1171
3E43	PD1172
3E44	PD1173
3E45	PD1174
3E54	PD1179
3E6C	PD1180
3EBC	PD1181
3ECP	PD1182
3EEO	PD1183
3EI1	PD1184
3EI2	PD1185
3EH8	PD1186
3ERE	PD1188
3EPG	PD1189
3EPI	PD1190
3EXJ	PD1191
3EXL	PD1192
3EYI	PD1193
3F27	PD1194
3F21	PD1195
3F22	PD1196
3F23	PD1197
3EYZ	PD1198
3EZ5	PD1199
3F2B	PD1200
3F2C	PD1201
3F2D	PD1202
3F8I	PD1203
3F8J	PD1204
3FBD	PD1205
3FC3	PD1209
3FD2	PD1210
3FDE	PD1211
3FDQ	PD1212
3EY1	PD1213
3FHZ	PD1214
3FMT	PD1215
3FOE	PD1216
3FOF	PD1217
3FSP	PD1218
3FSI	PD1220
3G00	PD1221
3G0R	PD1222
3G2C	PD1223
3G2D	PD1224
3FYL	PD1225
3G38	PD1226
3G3C	PD1227
3G3Y	PD1228
3G4T	PD1229
3G73	PD1230
3G6P	PD1231
3G6Q	PD1232
3G6R	PD1233
3G6T	PD1234
3G6U	PD1235
3G8U	PD1236
3G8X	PD1237
3G97	PD1238
3G99	PD1239
3GA6	PD1240
3G9I	PD1241
3G9J	PD1242
3G9M	PD1243
3G9O	PD1244
3G9P	PD1245
3G0Q	PD1246
3G6V	PD1247
3G6X	PD1248
3G6Y	PD1249
3A01	PD1250
3GFI	PD1251
3GII	PD1252
3GIJ	PD1253
3GIK	PD1254
3GIL	PD1255
3GIM	PD1256
3GDX	PD1257
3GLF	PD1258
3GLG	PD1259
3GLI	PD1260
3GNA	PD1261
3GNB	PD1262
3GPP	PD1263
3GPU	PD1264
3GPX	PD1265
3GPY	PD1266
3GQ3	PD1267
3GQ4	PD1268
3GQ5	PD1269
3GP1	PD1270
3GQC	PD1271
3GOX	PD1272
3GP8	PD1273
3GPL	PD1274
3GUT	PD1275
3GXQ	PD1276
3GO8	PD1277
3H0D	PD1278
3H25	PD1279
3GV5	PD1280
3GV7	PD1281
3GV8	PD1282
3H15	PD1283
3GZ6	PD1284
3H40	PD1285
3H4B	PD1286
3H4D	PD1287
3H8O	PD1288
3H8R	PD1289
3H8X	PD1290
3GX4	PD1292
3GYH	PD1293
1CBV	PDA001
1ERI	PDE001
2RVE	PDE002
4RVE	PDE003
1KLN	PDE004
1DNK	PDE005
2DNJ	PDE006
1HCR	PDE009
1BRN	PDE010
9ICK	PDE0100
9ICL	PDE0101
9ICM	PDE0102
9ICN	PDE0103
9ICO	PDE0104
9ICP	PDE0105
9ICQ	PDE0106
9ICR	PDE0107
9ICS	PDE0108
9ICT	PDE0109
2BPF	PDE011
9ICU	PDE0110
9ICV	PDE0111
9ICW	PDE0112
9ICX	PDE0113
9ICY	PDE0114
1GDT	PDE0115
1RTA	PDE0116
1RCN	PDE0117
1HAP	PDE0118
1HAO	PDE0119
2BPG	PDE012
3MHT	PDE0121
1BPZ	PDE0124
1BPY	PDE0125
1BPX	PDE0126
1FOK	PDE0127
1TC3	PDE0128
1UAA	PDE0129
1HUT	PDE013
2BDP	PDE0131
3BDP	PDE0132
4BDP	PDE0133
1A1V	PDE0134
1T7P	PDE0135
1KSP	PDE0136
1KFS	PDE0137
1KRP	PDE0138
1BSS	PDE0139
1RVA	PDE014
1A36	PDE0141
1A31	PDE0142
1A35	PDE0143
1IPP	PDE0144
1BSU	PDE0145
1BUA	PDE0146
1RVB	PDE015
1RVC	PDE016
1PVI	PDE017
1BHM	PDE020
1VAS	PDE022
1RBJ	PDE023
1TAU	PDE024
1FJL	PDE025
1LAU	PDE026
1ZQA	PDE027
1ZQB	PDE028
1ZQC	PDE029
1ZQD	PDE030
1ZQE	PDE031
1ZQF	PDE032
1ZQG	PDE033
1ZQH	PDE034
1ZQI	PDE035
1ZQJ	PDE036
1ZQK	PDE037
1ZQL	PDE038
1ZQM	PDE039
1ZQN	PDE040
1ZQO	PDE041
1ZQP	PDE042
1ZQQ	PDE043
1ZQR	PDE044
1ZQS	PDE045
1ZQT	PDE046
7ICE	PDE047
7ICF	PDE048
7ICG	PDE049
7ICH	PDE050
7ICI	PDE051
7ICJ	PDE052
7ICK	PDE053
7ICL	PDE054
7ICM	PDE055
7ICN	PDE056
7ICO	PDE057
7ICP	PDE058
7ICQ	PDE059
7ICR	PDE060
7ICS	PDE061
7ICT	PDE062
7ICU	PDE063
8ICB	PDE064
8ICC	PDE065
8ICE	PDE066
8ICF	PDE067
8ICG	PDE068
8ICH	PDE069
8ICI	PDE070
8ICJ	PDE071
8ICK	PDE072
8ICL	PDE073
8ICM	PDE074
8ICN	PDE075
8ICO	PDE076
8ICP	PDE077
8ICQ	PDE078
8ICR	PDE079
8ICS	PDE080
8ICT	PDE081
8ICU	PDE082
8ICV	PDE083
8ICW	PDE084
8ICX	PDE085
8ICY	PDE086
8ICZ	PDE087
7ICV	PDE088
8ICA	PDE089
1NOY	PDE090
9ICA	PDE091
9ICB	PDE092
9ICC	PDE093
9ICE	PDE094
9ICF	PDE095
9ICG	PDE096
9ICH	PDE097
9ICI	PDE098
9ICJ	PDE099
1AZ0	PDE139
1A74	PDE140
6MHT	PDE141
1MHT	PDEB08
4MHT	PDEB122
5MHT	PDEB123
1DCT	PDEB19
1JMC	PDO001
3CRO	PDR001
4CRO	PDR003
2OR1	PDR004
1CGP	PDR006
1CMA	PDR008
1TRO	PDR009
1LMB	PDR010
1RPE	PDR011
1PAR	PDR012
1TRR	PDR013
1PER	PDR015
1LLI	PDR016
1PDN	PDR018
1PNR	PDR020
2NLL	PDR021
1TSR	PDR022
1RUN	PDR024
1RUO	PDR025
1LBG	PDR026
1TUP	PDR027
1BDH	PDR028
1BDI	PDR029
1WET	PDR030
1AIS	PDR031
1A3Q	PDR032
1VKX	PDR033
1AU7	PDR034
1IF1	PDR035
1MNM	PDR036
2PUA	PDR040
2PUB	PDR041
2PUC	PDR042
2PUE	PDR043
2PUF	PDR044
2PUG	PDR045
2PUD	PDR046
1AZP	PDR047
1AZQ	PDR048
1AKH	PDR049
1RAM	PDR050
2RAM	PDR051
1BF5	PDR052
6CRO	PDR053
1BL0	PDR056
1GLU	PDRC01
1HCQ	PDRC03
1YSA	PDT002
1D66	PDT003
1HDD	PDT004
1APL	PDT005
1ZAA	PDT006
1DGC	PDT007
2GLI	PDT008
1VTL	PDT009
2DRP	PDT011
1YTB	PDT012
1VTN	PDT013
1FOS	PDT014
1NFK	PDT015
1MDY	PDT016
1PYI	PDT017
1OCT	PDT019
1SRS	PDT021
1SVC	PDT022
1AN2	PDT023
1TGH	PDT024
1VTO	PDT025
1AN4	PDT027
1YRN	PDT028
2DGC	PDT029
1LAT	PDT030
1JGG	PDT031
1VOL	PDT032
1PUE	PDT033
1CDW	PDT034
1IGN	PDT035
1YTF	PDT036
1UBD	PDT038
1AAY	PDT039
1IHF	PDT040
1HLO	PDT042
2HDD	PDT043
1ZME	PDT044
1XBR	PDT045
1A0A	PDT046
1AWC	PDT048
2CGP	PDT049
1A02	PDT050
1A1F	PDT055
1A1G	PDT056
1A1H	PDT057
1A1K	PDT058
1A1I	PDT059
1A1J	PDT060
1A1L	PDT061
1AM9	PDT062
1VPW	PDT063
1SKN	PDT064
1TF6	PDT065
1MEY	PDTB41
1ECR	PDTE01
2BOP	PDV001
2BPA	PDV002
1IJS	PDV005
4DPV	PDV006
1MVM	PDV007
1QBJ	PH0001
1QLN	PH0002
1HYS	PH0003
1I6H	PH0004
1R9S	PH0006
1R9T	PH0007
1S0V	PH0008
1S76	PH0009
1S77	PH0010
1SFO	PH0011
1SI2	PH0012
1Y1Y	PH0013
1Y1W	PH0014
1Y77	PH0015
1ZBI	PH0016
1ZBL	PH0017
1H38	PH0018
2G8F	PH0019
2G8H	PH0020
2G8I	PH0021
2G8K	PH0022
2G8U	PH0023
2G8V	PH0024
2G8W	PH0025
2HVR	PH0026
2HVS	PH0027
2E2H	PH0028
2E2I	PH0029
2E2J	PH0030
2NVQ	PH0031
2NVT	PH0033
2NVX	PH0034
2NVZ	PH0035
2O5I	PH0036
2O5J	PH0037
2YU9	PH0038
2PPB	PH0039
2QK9	PH0040
2QKB	PH0041
2QKK	PH0042
2R7Y	PH0043
2R7Z	PH0044
3BSU	PH0045
3BO4	PH0046
3E2E	PH0048
3E3J	PH0049
3ER8	PH0050
3ERC	PH0051
3F73	PH0052
3GTG	PH0053
3GTJ	PH0054
3GTK	PH0055
3GTL	PH0056
3GTM	PH0057
3GTO	PH0058
3GTP	PH0059
3GTQ	PH0060
3H3V	PH0061
1PNN	PNA001
5MSF	PR0001
7MSF	PR0002
1ZDK	PR0003
1B23	PR0004
1DRZ	PR0005
1QF6	PR0006
1CVJ	PR0007
2A8V	PR0008
1C9S	PR0009
1B7F	PR0011
1B2M	PR0012
1QU3	PR0013
1QU2	PR0014
1QA6	PR0015
1D9D	PR0016
1DDL	PR0017
1DFU	PR0018
1C0A	PR0019
1DI2	PR0020
1DUL	PR0021
1EC6	PR0022
1EFW	PR0023
1EIY	PR0024
1EUQ	PR0025
1EUY	PR0026
1EXD	PR0027
1GAX	PR0029
1F7U	PR0030
1F7V	PR0031
1FFY	PR0032
1FXL	PR0033
1G2E	PR0034
1G59	PR0035
1F8V	PR0036
1HQ1	PR0037
1E8O	PR0041
1E8S	PR0042
1I5L	PR0046
1I6U	PR0047
1EQQ	PR0048
1IL2	PR0049
1JBR	PR0051
1JBS	PR0052
1JBT	PR0053
1JID	PR0054
1E7K	PR0055
1H4Q	PR0056
1H4S	PR0057
2FMT	PR0059
1K8W	PR0060
1KNZ	PR0063
1KOG	PR0064
1KQ2	PR0065
1L9A	PR0067
1LAJ	PR0068
1IVS	PR0069
1GTF	PR0071
1GTN	PR0072
1LNG	PR0073
1M5K	PR0074
1M5O	PR0075
1M5P	PR0076
1M5V	PR0077
1M8V	PR0078
1M8W	PR0079
1M8X	PR0080
1M8Y	PR0081
1MFQ	PR0082
1MJI	PR0083
1MZP	PR0085
1N1H	PR0086
1N35	PR0087
1N38	PR0088
1N77	PR0089
1N78	PR0090
1NB7	PR0091
1J1U	PR0092
1J2B	PR0093
1OOA	PR0094
1O0B	PR0095
1O0C	PR0096
1P6V	PR0098
1PGL	PR0099
1PVO	PR0100
1Q2R	PR0101
1Q2S	PR0102
1QZW	PR0104
1R3E	PR0105
1R9F	PR0106
1RC7	PR0107
1RLG	PR0108
1RPU	PR0109
1S03	PR0111
1SI3	PR0112
1SDS	PR0113
1VBX	PR0114
1VBY	PR0115
1VBZ	PR0116
1VC0	PR0117
1SJF	PR0118
1VC5	PR0119
1VC6	PR0120
1SJ3	PR0122
1SJ4	PR0123
1VFG	PR0124
1T0K	PR0125
1SZ1	PR0126
1TFW	PR0128
1TFY	PR0129
1WMQ	PR0131
1U1Y	PR0132
1U6B	PR0133
1WNE	PR0134
1U0B	PR0135
1U63	PR0136
1WPU	PR0137
1XPO	PR0138
1XPR	PR0139
1XPU	PR0140
1XOK	PR0141
1WRQ	PR0142
1WSU	PR0143
1Y39	PR0144
1WZ2	PR0145
1YTU	PR0146
1YYK	PR0147
1YYO	PR0148
1YYW	PR0149
1YZ9	PR0150
1YVP	PR0151
1YTY	PR0152
1ZBH	PR0153
1ZE2	PR0154
1ZJW	PR0155
1ZH5	PR0156
1ZHO	PR0157
1H3E	PR0158
1HC8	PR0159
1ZL3	PR0160
2CSX	PR0161
2CT8	PR0162
2CV0	PR0163
2CV1	PR0164
2CV2	PR0165
2A1R	PR0166
1ZSE	PR0167
2CZJ	PR0168
2AB4	PR0169
1ZZN	PR0170
2AKE	PR0171
2ANN	PR0172
2ANR	PR0173
2ASB	PR0174
2ATW	PR0175
2AZX	PR0176
2B2D	PR0177
2B2E	PR0178
2B2G	PR0179
2B3J	PR0180
2AZ0	PR0181
2AZ2	PR0182
2B63	PR0183
2D6F	PR0184
2EZ6	PR0185
2F8K	PR0186
2DB3	PR0187
2F8S	PR0188
2F8T	PR0189
2FK6	PR0190
2FZ2	PR0191
2DER	PR0192
2DET	PR0193
2DEU	PR0194
2G4B	PR0195
2GIC	PR0196
2GJW	PR0197
2DLC	PR0198
1OB2	PR0199
2C50	PR0200
2C4Z	PR0201
2BU1	PR0202
2C4Q	PR0203
2C4Y	PR0204
1UN6	PR0205
2BGG	PR0206
2GJE	PR0207
2GTT	PR0208
2C51	PR0209
2GXB	PR0210
2DR2	PR0212
2DR5	PR0213
2DR7	PR0214
2DR8	PR0215
2DR9	PR0216
2DRA	PR0217
2DRB	PR0218
2DU3	PR0219
2DU4	PR0220
2DU5	PR0221
2DU6	PR0222
2HT1	PR0223
2HVY	PR0224
2HW8	PR0225
2DVI	PR0226
2HYI	PR0227
2DXI	PR0228
2I82	PR0229
2J0Q	PR0231
2I91	PR0232
2IY5	PR0233
2J0S	PR0234
2IX1	PR0236
1H2C	PR0237
1H2D	PR0238
2NUE	PR0239
2NUF	PR0240
2NUG	PR0241
2NQP	PR0242
2NR0	PR0243
2NRE	PR0244
2BNY	PR0245
2BQ5	PR0246
2BS0	PR0247
2BS1	PR0248
2NZ4	PR0249
1OB5	PR0250
2BH2	PR0251
2BTE	PR0252
2BX2	PR0253
2BYT	PR0254
2C0B	PR0255
2C4R	PR0256
2IZ8	PR0257
2IZ9	PR0258
2IZN	PR0259
2OIH	PR0260
2OJ3	PR0261
2E9R	PR0262
2E9T	PR0263
2E9Z	PR0264
2EC0	PR0266
2OZB	PR0267
2JEA	PR0270
2PO1	PR0271
2UWM	PR0272
2PY9	PR0273
2PXB	PR0274
2PXD	PR0275
2PXE	PR0276
2PXF	PR0277
2PXK	PR0278
2PXL	PR0279
2PXP	PR0280
2PXQ	PR0281
2PXT	PR0282
2PXU	PR0283
2PXV	PR0284
2PJP	PR0285
2Q66	PR0286
2QQP	PR0292
2R8S	PR0294
2QUX	PR0296
2R7R	PR0297
2R7S	PR0298
2R7T	PR0299
2R7U	PR0300
2R7V	PR0301
2R7W	PR0302
2R7X	PR0303
2R92	PR0304
2R93	PR0305
2RD2	PR0306
2RE8	PR0307
2RFK	PR0309
3BOY	PR0310
2RKJ	PR0311
3BSB	PR0312
3BSN	PR0313
3BSO	PR0314
3BSX	PR0315
3BX2	PR0316
3BX3	PR0317
2ZH1	PR0318
2ZH2	PR0319
2ZH3	PR0320
2ZH4	PR0321
2ZH5	PR0322
2ZH6	PR0323
2ZH7	PR0324
2ZH8	PR0325
2ZH9	PR0326
2ZHA	PR0327
2ZHB	PR0328
3BT7	PR0329
3BO2	PR0330
3BO3	PR0331
2ZI0	PR0334
3CIY	PR0335
2ZKO	PR0337
2ZM5	PR0339
3CUL	PR0340
3CUN	PR0341
3CW1	PR0342
2ZNI	PR0343
3CZ3	PR0345
2VNU	PR0346
3D2S	PR0347
3DD2	PR0348
3DH3	PR0349
3EGZ	PR0350
3EPH	PR0351
3EPJ	PR0352
3EPK	PR0353
3EPL	PR0354
3EQT	PR0355
3ER9	PR0356
2ZUE	PR0357
2ZUF	PR0358
3EX7	PR0359
3FHT	PR0360
3FOZ	PR0361
2ZXU	PR0362
3FTE	PR0363
3FTF	PR0364
3G0H	PR0365
3G9Y	PR0367
2ZZM	PR0368
2ZZN	PR0369
3G8S	PR0370
3G8T	PR0371
3G96	PR0373
3G9C	PR0374
3GIB	PR0375
3GPQ	PR0376
3H5X	PR0377
3H5Y	PR0378
3HAX	PR0379
3HAY	PR0380
3HHN	PR0381
3A2K	PR0382
3HJW	PR0383
3HJY	PR0384
3HHZ	PR0385
1BMV	PRV001
1URN	PRV002
1ZDH	PRV003
2BBV	PRV004
1CWP	PRV005
1ZDI	PRV006
1AV6	PRV007
1AQ3	PRV008
1AQ4	PRV009
6MSF	PRV010
1A34	PRV020
1ZDJ	PRV021
1HVU	PRV022
1QTQ	PTE003
1GSG	PTR001
1GTS	PTR002
1GTR	PTR003
1SER	PTR004
1ASY	PTR005
1ASZ	PTR008
1QRS	PTR009
1QRT	PTR010
1QRU	PTR011
1TTT	PTR012
1A9N	PTR016
1QD7	RR0001
1C04	RR0002
486D	RR0003
1DK1	RR0005
1DV4	RR0006
1EMI	RR0008
1MMS	RR0009
1F7Y	RR0010
1FFK	RR0011
1FEU	RR0012
1FFZ	RR0013
1FG0	RR0014
1FJG	RR0016
1FKA	RR0017
1G1X	RR0019
1HNW	RR0020
1HNX	RR0021
1HNZ	RR0022
1HR0	RR0023
1I94	RR0024
1I95	RR0025
1I96	RR0026
1I97	RR0027
1IBK	RR0028
1IBL	RR0029
1IBM	RR0030
1JJ2	RR0033
1JGO	RR0034
1JGP	RR0035
1JGQ	RR0036
1JZX	RR0037
1JZY	RR0038
1JZZ	RR0039
1K01	RR0041
1K73	RR0042
1K8A	RR0043
1K9M	RR0044
1KC8	RR0045
1KD1	RR0047
1KQS	RR0049
1KUQ	RR0050
1J5A	RR0051
1J5E	RR0052
1M1K	RR0054
1M90	RR0055
1N32	RR0056
1N33	RR0057
1N34	RR0058
1N36	RR0059
1N8R	RR0060
1NJI	RR0061
1NJM	RR0063
1NJN	RR0064
1NJO	RR0065
1NJP	RR0066
1NKW	RR0067
1NWX	RR0068
1NWY	RR0069
1OND	RR0070
1P9X	RR0071
1Q7Y	RR0076
1Q81	RR0077
1Q82	RR0078
1Q86	RR0079
1QVF	RR0080
1QVG	RR0081
1S72	RR0082
1SM1	RR0083
1XBP	RR0084
1XMO	RR0095
1XMQ	RR0096
1XNQ	RR0097
1XNR	RR0098
1Y69	RR0099
1VQ4	RR0100
1VQ5	RR0101
1VQ6	RR0102
1VQ7	RR0103
1VQ8	RR0104
1VQ9	RR0105
1VQK	RR0106
1VQL	RR0107
1VQM	RR0108
1VQN	RR0109
1VQO	RR0110
1VQP	RR0111
1YHQ	RR0112
1YI2	RR0113
1YIJ	RR0114
1YIT	RR0115
1YJ9	RR0116
1YJN	RR0117
1YJW	RR0118
1Z58	RR0121
2AAR	RR0122
2D3O	RR0127
2F4V	RR0134
1W2B	RR0135
2HHH	RR0142
2E5L	RR0157
2OGM	RR0158
2OGN	RR0159
2OGO	RR0160
2OTJ	RR0161
2OTL	RR0162
2UXC	RR0165
2UU9	RR0166
2UUA	RR0167
2UUB	RR0168
2QA4	RR0199
2QEX	RR0200
3CF5	RR0201
3CC2	RR0202
3CC4	RR0203
3CC7	RR0204
3CCE	RR0205
3CCJ	RR0206
3CCL	RR0207
3CCM	RR0208
3CCQ	RR0209
3CCR	RR0210
3CCS	RR0211
3CCU	RR0212
3CCV	RR0213
3CD6	RR0214
2ZJP	RR0215
2ZJQ	RR0216
2ZJR	RR0217
3CMA	RR0218
3CME	RR0219
2ZM6	RR0220
3CXC	RR0221
3CPW	RR0222
3DLL	RR0227
3G4S	RR0236
3G6E	RR0237
3G71	RR0238
3FWO	RR0239
1EHZ	TR0001
1EVV	TR0002
1FIR	TR0003
1I9V	TR0004
1TN2	TRNA03
6TNA	TRNA04
1VTQ	TRNA05
1TRA	TRNA06
2TRA	TRNA07
3TRA	TRNA08
4TRA	TRNA09
4TNA	TRNA10
1YFG	TRNA12
1BQJ	UD0003
446D	UD0004
454D	UD0005
467D	UD0006
1CN0	UD0007
1DCW	UD0008
1F6I	UD0010
1F6J	UD0011
1G6D	UD0012
1JPQ	UD0013
1JRN	UD0014
1JUC	UD0015
1K8P	UD0016
1KF1	UD0017
1L4J	UD0018
1L6B	UD0019
1IXJ	UD0020
1M6G	UD0021
1MF5	UD0022
1NQS	UD0023
1NT8	UD0024
1NVN	UD0025
1NVY	UD0026
1UB8	UD0027
1P4Y	UD0028
1P4Z	UD0029
1P54	UD0030
1P1Y	UD0031
1UE2	UD0032
1UE3	UD0033
1UE4	UD0034
1GQU	UD0035
1UHX	UD0036
1UHY	UD0037
1O55	UD0038
1O56	UD0039
1QYK	UD0040
1QYL	UD0041
1QZL	UD0042
1R2O	UD0043
1R3Z	UD0044
1R41	UD0045
1V3N	UD0046
1V3O	UD0047
1V3P	UD0048
1RSB	UD0049
1S45	UD0050
1S47	UD0051
1S1L	UD0052
1SM5	UD0053
1T4I	UD0055
1XUW	UD0056
1XUX	UD0057
1ZEZ	UD0058
1ZF2	UD0059
1ZF3	UD0060
1ZF4	UD0061
2AVH	UD0062
2AVJ	UD0063
2FZA	UD0064
2GW0	UD0065
2GWE	UD0066
2GWQ	UD0067
2H0N	UD0068
2HBN	UD0069
2H9S	UD0070
2HRI	UD0071
2O4F	UD0073
2ORF	UD0074
2ORG	UD0075
2ORH	UD0076
2QS6	UD0077
3GNK	UD0078
3GOJ	UD0079
3GOM	UD0080
3GOO	UD0081
3HCL	UD0082
1VTR	UDD006
191D	UDD023
190D	UDD024
192D	UDF025
200D	UDF027
244D	UDF036
241D	UDF043
294D	UDF054
352D	UDF062
184D	UDG028
284D	UDH052
208D	UDI030
253D	UDI047
376D	UDIB70
237D	UDJ031
232D	UDJ032
272D	UDJ049
309D	UDJ060
335D	UDJ061
238D	UDJB44
1D59	UDL018
1D31	UDM010
1D16	UDP011
1BR3	UH0001
1EGK	UH0002
1N7A	UH0003
1N7B	UH0004
1PJG	UH0005
1PJO	UH0006
1FIX	UHJ055
393D	UHJ073
394D	UHJ074
247D	UHK045
248D	UHK046
1HMH	UHX026
1QPY	UP0001
1HZS	UP0002
1NR8	UP0003
1RRU	UP0004
1XJ9	UP0006
3C1P	UP0007
1PUP	UPNA56
429D	UR0001
430D	UR0002
1GRZ	UR0003
437D	UR0004
462D	UR0005
480D	UR0006
483D	UR0007
1DDY	UR0008
1DUH	UR0009
488D	UR0010
1F1T	UR0011
1HR2	UR0012
1J8G	UR0014
1K9W	UR0017
1KH6	UR0018
1KXK	UR0019
1L2X	UR0020
1L3D	UR0021
1L8V	UR0022
1J6S	UR0023
1MDG	UR0024
1MHK	UR0025
1MSY	UR0026
1NBS	UR0027
1NUJ	UR0028
1NYI	UR0029
1NUV	UR0030
1P79	UR0031
1Q29	UR0032
1Q93	UR0033
1Q96	UR0034
1Q9A	UR0035
1R3O	UR0036
1T0D	UR0037
1T0E	UR0038
1U9S	UR0040
1X8W	UR0041
1X9C	UR0042
1X9K	UR0043
1XJR	UR0044
1XP7	UR0045
1XPE	UR0046
1XPF	UR0047
1Y0Q	UR0048
1Y3O	UR0049
1Y3S	UR0050
1Y26	UR0051
1Y27	UR0052
1YKQ	UR0053
1YKV	UR0054
1YLS	UR0055
1Z43	UR0056
1YXP	UR0057
1ZCI	UR0058
1ZFT	UR0060
1ZFV	UR0061
1ZFX	UR0062
1H1K	UR0063
2A2E	UR0064
2A64	UR0065
2A43	UR0066
2AWE	UR0067
2D2K	UR0068
2D2L	UR0069
2B57	UR0070
2B8R	UR0071
2B8S	UR0072
2BCY	UR0074
2BCZ	UR0075
2FGP	UR0076
2G32	UR0077
2GCS	UR0078
2GCV	UR0079
2GDI	UR0081
2GIS	UR0082
2GPM	UR0085
2GQ4	UR0086
2GQ5	UR0087
2GQ6	UR0088
2GQ7	UR0089
2GRB	UR0090
2H0S	UR0091
2H0W	UR0092
2H0X	UR0093
2H0Z	UR0094
2G9C	UR0095
2HO6	UR0096
2HO7	UR0097
2CKY	UR0098
2HOJ	UR0099
2HOK	UR0100
2HOL	UR0101
2HOM	UR0102
2HOO	UR0103
2HOP	UR0104
2IL9	UR0105
2NPY	UR0106
2NPZ	UR0107
2OEU	UR0108
2OUE	UR0109
2OIU	UR0110
2EES	UR0111
2EET	UR0112
2EEU	UR0113
2EEV	UR0114
2EEW	UR0115
2P7E	UR0117
2P7F	UR0118
2QBZ	UR0120
2QUS	UR0121
2QUW	UR0122
2Z74	UR0123
2Z75	UR0124
2QWY	UR0125
3B4A	UR0126
3B4B	UR0127
3B4C	UR0128
3B31	UR0129
3BWP	UR0130
3B5F	UR0131
3B5S	UR0132
3B91	UR0133
3BBI	UR0134
3BBK	UR0135
3BBM	UR0136
3B5A	UR0137
3CQS	UR0138
3CW5	UR0139
3CW6	UR0140
3CR1	UR0141
3B58	UR0142
3D2G	UR0143
3D0U	UR0144
3D0X	UR0145
2P7D	UR0146
3DHS	UR0147
3DIG	UR0148
3DIL	UR0149
3DIO	UR0150
3DIM	UR0151
3DIQ	UR0152
3DIR	UR0153
3DIS	UR0154
3DIX	UR0155
3DIY	UR0156
3DIZ	UR0157
3DJ0	UR0158
3DJ2	UR0159
3DS7	UR0160
3DVZ	UR0161
3DW4	UR0162
3DW5	UR0163
3DW6	UR0164
3DW7	UR0165
3E5C	UR0166
3E5E	UR0167
3E5F	UR0168
3EOG	UR0169
3EOH	UR0170
3F2Q	UR0171
3F2T	UR0172
3F2W	UR0173
3F2X	UR0174
3F2Y	UR0175
3F30	UR0176
3F4E	UR0177
3F4G	UR0178
3F4H	UR0179
3FO4	UR0180
3FO6	UR0181
2ZY6	UR0182
3FU2	UR0183
3GAO	UR0185
3GCA	UR0186
3G4M	UR0187
3GER	UR0188
3GES	UR0189
3G78	UR0190
3GOG	UR0191
3GOT	UR0192
3GS1	UR0193
3GS5	UR0194
3GS8	UR0195
3GX2	UR0196
3GX3	UR0197
3GX5	UR0198
2QEK	UR0199
3GX6	UR0200
3GX7	UR0201
1OSU	URF042
205D	URL029
280D	URL050
283D	URL051
354D	URL064
357D	URL066
364D	URL069
361D	URT068
1MME	URX035
1GID	URX053
299D	URX057
300D	URX058
301D	URX059
353D	URX063
359D	URX067
379D	URX071
387D	URX072
397D	URX075
400D	ZD0001
417D	ZD0002
1DJ6	ZD0003
1I0T	ZD0004
1ICK	ZD0005
1JES	ZD0006
1LJX	ZD0007
1M6R	ZD0008
1OMK	ZD0010
1V9G	ZD0011
1WOE	ZD0012
1XA2	ZD0013
1XAM	ZD0014
1VRO	ZD0015
2F8W	ZD0016
2HTO	ZD0017
2HTT	ZD0018
2IE1	ZD0022
2OBZ	ZD0023
2ELG	ZD0024
3E9W	ZD0025
3F8O	ZD0026
3FQ5	ZD0027
3FQB	ZD0028
3G2A	ZD0029
3G2R	ZD0030
3GCY	ZD0031
3GDA	ZD0032
1ZNA	ZDD015
2DCG	ZDF001
1DCG	ZDF002
1VTT	ZDF013
1D39	ZDF028
1D48	ZDF029
131D	ZDF035
180D	ZDF038
181D	ZDF039
1VTU	ZDF040
239D	ZDF049
293D	ZDF052
336D	ZDF053
351D	ZDF059
362D	ZDF060
390D	ZDF061
391D	ZDF062
392D	ZDF063
1VTV	ZDFB03
1DN4	ZDFB04
1DN5	ZDFB05
1VTW	ZDFB06
1D40	ZDFB10
1VTY	ZDFB11
1DNF	ZDFB12
1DA1	ZDFB14
1D24	ZDFB21
1D41	ZDFB24
1DA2	ZDFB25
1D76	ZDFB31
133D	ZDFB36
145D	ZDFB37
210D	ZDFB41
211D	ZDFB42
223D	ZDFB43
242D	ZDFB51
312D	ZDG054
314D	ZDG056
331D	ZDG057
313D	ZDGB55
1D53	ZDH030
1DN8	ZDJ018
279D	ZDJ050
